"name","registered","times_kicked","geolocation","nb_player_kills","nb_mob_kills","nb_deaths","avg_ping","nb_sessions","longest_session","avg_session","active_playtime","afk_time","favorite_world"
"Stoupy51","1565641104777","77","France","2016","1879","3482","32.300615484288954","4031","33517755","1071126.3523","2964399216","1353311110","Switch"
"Remelta","1673102504042","29","France","109","584","427",NULL,"1833","29867994","1585574.6623","2495447683","410910673","BuildSurvisland"
"GoldVision98","1506175517149","54","France","824","486","1315","32.85735512630015","1695","32036811","1846512.8348","2827346700","302492555","Switch"
"Totay_","1676732345833","1","France","5","98","17","39.64932126696833","111","16718895","1656564.2703","125079115","58799519","S14 - Phain"
"Falmo_","1673102330791","95","France","3","23","80","47.648148148148145","377","14999791","1536544.2679","521224093","58053096","GLD_JN_S10"
"Redemoles","1677168158324","21","France","542","778","1343","37.768263943440694","1982","23140194","1020483.8421","1405734569","616864406","test_uhc_1"
"Antoineuuh","1677283055614","8","France","29","45","102","117.8603896103896","42","9297429","1208341.1429","49998800","751528","TribeCivilization"
"EdenMan","1673102766389","2","France","39","214","109","31.050505050505052","267","14583944","1846816.4419","436137988","56962002","S11 - Ecera"
"Maarcouscous","1639235696574","28","France","193","1028","749","31.829927628778204","2414","25694924","1198706.6976","2491625898","402052070","BuildSurvisland"
"airdox_","1681143380626","6","France","157","154","962","232.60264900662253","574","28908695","727164.5296","323947854","93444586","Switch"
"Bomby_","1506163253829","13","France","245","356","589","27.40537449971412","2237","28245455","1963682.4703","3507004721","885752965","Switch"
"Shazin","1667257272009","103","France","531","1144","1552","173.58681522748375","3672","31583461","1098945.8636","3128898131","906431080","Switch"
"BerenGaldos","1584821525207","1","France","42","26","220",NULL,"124","20004913","2438832.3306","210878609","91536600","LKS_Bancal_S13"
"Akariaa","1677872555583","3","France","53","26","138",NULL,"273","14927132","2996442.2125","665229588","152799136","S20 - Jewel"
"DontBeAKidLuca","1595616535536","5","France","6","41","24","45.12751677852349","64","13953645","1596037.6563","101107747","1038663","S09 - Zhen Zhou"
"YuriNanami","1669493599425","8","France","94","116","180","29.08411214953271","260","17838420","2333565.0038","557105400","49621501","S14 - Phain"
"luigimario12","1682171515771","22","France","129","98","514","67.14826498422713","654","15687059","2305366.5902","1379478246","128231504","S11 - Ecera"
"Oraclette","1631368604281","74","France","166","1411","736","58.75754087036611","1573","25975958","1572569.1856","2215897978","257753351","Switch"
"Nintasma","1677946035430","0","France","0","34","2",NULL,"36","13543564","2605182.6667","80889920","12896656","S09 - Zhen Zhou"
"scartvol","1664710509302","13","France","329","1053","422","36.0979440979441","988","26607647","1242195.1640","1002815201","224473621","BuildSurvisland"
"M4TOUW","1676728422284","72","France","548","2663","364","30.359510453850078","2210","26052412","1481305.8697","2651459832","622226140","BuildSurvisland"
"Eca_","1673101151801","10","France","116","34","210",NULL,"290","16553043","1985895.5517","524861776","51047934","Switch"
"math730","1673100211893","39","France","70","559","276","162.8153153153153","2016","24588799","781741.4896","1331137631","244853212","BuildSurvisland"
"xNicely","1681048170681","1","France","37","55","56",NULL,"194","19362470","1683710.7062","295511722","31128155","goatvivor"
"Katar0s","1677959739580","1","France","0","0","1",NULL,"26","9814634","892886.5000","22707016","508033","LYK_Bancalvivor_S10"
"Rafloppa","1678478606773","3","France","53","67","36","58.62376237623762","20","9982940","1489493.9000","29789878","0","S09 - Zhen Zhou"
"ArtiGrrr","1674916752953","26","France","515","486","1324","234.3222748815166","531","33408449","1740258.7910","783400641","140676777","Switch"
"Oceanee_","1667251609666","14","France","194","69","296","39","413","15728191","1783832.0654","592026621","144696022","S11 - Ecera"
"MikoMan","1673102488795","8","France","81","145","227",NULL,"186","17316381","1979869.9140","345156439","23099365","S14 - Phain"
"ManuPourLesIntim","1676124697163","3","France","26","125","120",NULL,"100","14875917","2256572.3400","217608022","8049212","S11 - Ecera"
"Megamat_","1562786717299","2","France","94","157","325","25.285714285714285","286","13724293","2367344.3881","602913647","74146848","S13 - Fafnir's Rest"
"_TMH","1588358436591","31","France","552","715","617","64.172","317","18975850","1830906.6341","521728160","58669243","Switch"
"ClementDD","1681047256881","0","France","0","1","3",NULL,"17","10687563","2254591.5294","36054609","2273447","DRRP1"
"Enlaniel","1682870593330","14","France","462","190","1280","164.40758293838863","359","22906964","1396561.3092","484409358","16956152","Switch"
"Luxio_","1679170324025","14","France","812","707","2144","175.4311111111111","495","28149620","1941162.9273","863208098","97667551","Switch"
"feaudive","1688583671458","4","France","24","50","350",NULL,"68","14411309","2064171.7206","136651193","3712484","S17 - Parrot's Kingdom"
"DenisBrogniartBG","1682945876833","14","France","125","64","428","25.05","49","9724725","1564186.4286","76205142","439993","Switch"
"titou2000","1677268955871","5","France","82","35","141","66.16037735849056","29","13662215","2399538.9310","65070208","4516421","Switch"
"TreekoZ","1678447465689","36","Canada","806","381","1266","193.78955696202533","727","32930160","1097811.2077","721076005","77032743","Switch"
"Belioz","1689516135636","0","France","37","66","36",NULL,"30","11612778","3490391.0667","101672722","3039010","S14 - Phain"
"Thitanas","1690730911252","39","Belgium","641","648","1523","65.57227488151659","596","29987858","1358628.8758","744237920","65504890","Switch"
"PandaOne_","1677872932083","4","France","57","74","365",NULL,"73","11727057","1824593.8356","124721406","8473944","GLD_JN_S10"
"JCleJambon","1676821843612","10","Canada","28","313","142","179.07960199004975","135","27678808","1469789.1111","176553778","21867752","LobbySurvisland"
"Vaath01","1693054135497","5","France","9","119","41","47.59348198970841","90","12737996","2366070.8556","202222017","10724360","S13 - Fafnir's Rest"
"RoXxeeer","1693056574176","4","France","150","324","503","38.4","445","17826663","2822365.7371","1160260257","95692496","S14 - Phain"
"JulDragonne","1693061754820","8","France","399","572","879","51.483914209115284","512","26075062","1927093.8516","836967529","149704523","Switch"
"Mizanathos","1693066055268","12","France","354","1393","887",NULL,"1144","13644776","1026511.9554","1069575720","104753957","S14 - Phain"
"Thyxou","1680962559158","4","France","4","27","36",NULL,"79","13928582","2178810.6582","166469738","5656304","S20 - Jewel"
"Ragiel_","1595616477971","6","France","255","309","767","33.939890710382514","640","14024539","1767094.4234","991414809","139525622","S14 - Phain"
"MrRaichu","1693083230558","0","Canada","0","1","5",NULL,"31","13084442","2864647.8065","86593721","2210361","S14 - Phain"
"Unicorn_Zoe","1677271806718","0","France","54","13","89",NULL,"33","11839193","1365100.5758","42951850","2096469","Switch"
"_Flo04","1693145588984","3","France","218","100","426",NULL,"96","18719037","2941078.7604","262429495","19914066","Switch"
"Poppiz_Ugo","1677870529783","6","France","46","315","311","125.89108910891089","291","16493592","1363173.9691","338681968","58001657","Switch"
"Xiaojuuun","1681497659427","33","France","284","159","1262","73","594","29381458","1388125.6397","705902122","118644508","Switch"
"Champimeuh28","1693224250380","1","France","7","1","55","32.158490566037734","64","17415219","3815215.6875","225415010","18758794","S14 - Phain"
"polocascroute","1693236906559","11","France","122","378","349","65.26466380543634","337","16542735","2257107.6617","698302548","62342734","GLD_JN_S10"
"Shalamin","1693309579950","12","France","11","155","59",NULL,"290","18193898","1118526.7621","288497109","35875652","S11 - Ecera"
"Kchouky","1693314452293","30","France","726","581","900","51.30891438658429","922","32452812","1595742.9837","1148571421","322703610","LobbySurvisland"
"Notitou","1693333959412","1","France","100","345","409",NULL,"69","12109021","2172867.4493","141575284","8352570","S14 - Phain"
"Akwaden","1676815587912","20","France","184","724","247","75.72258064516129","997","22556369","1374030.0532","1260410883","109497080","BuildSurvisland"
"SISS0U","1693494135469","21","France","127","161","292","197.27702702702703","340","13779295","1605768.9147","482144998","63816433","S14 - Phain"
"Fhara","1693555428196","69","France","236","551","391","30.896520354787356","1230","21715770","1918413.5455","2003022354","356626307","BuildSurvisland"
"Noereau","1677959978730","0","France","19","88","13","37.56938775510204","78","16584748","2506995.2051","178984064","16561562","S14 - Phain"
"OfChara","1682880766061","50","France","1429","704","1629","82.97902097902097","705","33061708","2290463.6638","1370025195","244751688","Switch"
"Thakeax","1676733272982","12","France","219","218","556",NULL,"542","29374212","1207263.0018","569333746","85002801","Switch"
"Shxmeless","1693742981446","5","France","81","124","63","79.39285714285714","191","15140528","1502807.2827","240948135","46088056","LobbySurvisland"
"_Megabyte","1676819725662","15","Canada","0","12","4","1585.7659574468084","65","14199400","1845446.0923","85002887","34951109","GLD_JN_S10"
"Kuery_","1676817392812","4","France","1","96","21","46.10144927536232","121","14099636","2488008.9835","287351280","13697807","S13 - Fafnir's Rest"
"Nekoss__","1676728915635","5","France","74","15","188","210.0670731707317","81","13109346","2116240.8272","163478741","7936766","S15 - Pandora"
"Islijelis","1677337336327","5","France","17","17","71",NULL,"123","14203204","2390366.7073","257519102","36496003","S15 - Pandora"
"matthloc","1694354403626","0","France","2","8","44",NULL,"70","19490866","2004674.9714","136241193","4086055","goatvivor"
"Arobaze","1676815766363","8","France","15","32","37","84.34558823529412","79","11150000","1856842.6835","136369428","10321144","world"
"Timocaf","1676815405912","1","France","60","14","81",NULL,"142","13047228","1047406.3310","129192775","19538924","S15 - Pandora"
"Filouche","1677431261245","6","Canada","52","59","70",NULL,"166","15929036","1956488.5422","284447219","40329879","S20 - Jewel"
"MrCT_","1695476971341","1","France","155","27","136",NULL,"51","14850530","2100834.1765","103021686","4120857","Switch"
"Viken78","1676826595412","8","France","37","681","339","25.08653846153846","211","13431314","1611281.1611","263138752","76841573","S20 - Jewel"
"LeGrandPigre","1677872216633","0","France","49","102","81",NULL,"52","8676486","954403.7500","47347343","2281652","RDM_BHC_240927"
"Antho60","1677355390776","0","France","4","0","10",NULL,"34","11273728","1544405.2059","46792313","5717464","DRRP1"
"Hiruko_Senpai","1696168115825","1","France","3","51","20","30.95221843003413","28","7353180","840067.4286","21879401","1642487","RDM_BHC_250316"
"ShoupZ","1677873882333","0","Switzerland","2","1","20",NULL,"34","6052351","715346.7941","22731872","1589919","SHZ_Fate2024"
"Enkero","1677874048733","0","France","23","146","114","35.809375","123","20798232","796815.0325","75685770","22322479","test_uhc_1"
"Tnt_79","1516873815000","7","France","30","239","84","28.551864619241616","391","28849141","2127711.4450","711066103","120869072","DRRPLongue"
"Canfav_","1584822483402","6","France","154","155","212","39.003207698476345","214","15390019","2686613.0327","486042067","88893122","S20 - Jewel"
"Yoddle_Yoddle","1677356074176","2","Switzerland","43","73","75",NULL,"45","10188549","1614716.5778","69335921","3326325","DRRP1"
"Lawtank","1685731527164","5","France","151","88","212","401.93650793650795","165","21106632","2379897.1939","351531291","41151746","Switch"
"CacakulotteV3","1701616365232","3","Belgium","0","30","1","35.23711340206186","8","4179321","872117.2500","6440658","536280","RDM_Fate2412"
"TitoW_","1701962636254","0","France","22","5","11",NULL,"41","11719325","2205146.9512","87619171","2791854","S16 - Lisrina"
"Treyyyl_","1702040757060","1","France","67","175","186",NULL,"166","28215008","2096973.1446","301248785","46848757","Switch"
"LykosMC","1702043047804","10","France","230","173","528",NULL,"1174","21041780","904067.3177","930350372","131024659","LKS_Bancal_S13"
"Marika_a","1702069535944","0","France","37","29","66",NULL,"47","15631543","2361652.5532","106718818","4278852","LKS_Bancal_S13"
"Piloup974","1702248748343","5","France","104","6","37",NULL,"127","20880389","2487585.4016","265892067","50031279","S18 - Alien Planet"
"Kazybtw","1682537279301","0","France","0","53","8",NULL,"71","14035949","2806408.2817","186856945","12398043","S16 - Lisrina"
"Thimmy74","1702324911683","7","France","7","0","26","348.7830188679245","116","18723828","2506685.8017","251323822","39451731","LobbySurvisland"
"UltimateAce","1702558563483","3","France","2","13","24","139.9433962264151","53","13525368","2534427.3774","132939420","1385231","S16 - Lisrina"
"Osifou","1506163207926","6","France","81","201","155","20.374429223744293","470","19467095","2076567.8532","854732158","121254733","goatvivor"
"Luxy3","1702670141891","8","France","537","135","676","28.038817005545287","386","19500714","2155442.1839","761372823","70627860","goatvivor"
"Fannne","1702670618196","1","France","293","83","368","34.896678966789665","163","19661431","1593577.6810","242905206","16847956","Switch"
"Alnwick62","1702749407457","4","France","16","30","24",NULL,"235","13772153","1136182.2383","259561002","7441824","S16 - Lisrina"
"HirooCL","1703270396044","8","France","154","141","246","182.98557692307693","150","15045369","1949754.9467","279994364","12468878","Switch"
"Wormax","1703360390830","6","France","136","89","453",NULL,"166","13780721","2026812.7711","305837146","30613774","Switch"
"TheHernest","1682880451861","0","France","8","145","26",NULL,"38","15246003","1665976.1053","61759067","1548025","S11 - Ecera"
"KerKel","1703627198023","11","France","61","33","199","163.5","105","12902801","1398872.5238","144409617","2471998","S17 - Parrot's Kingdom"
"ChoKoSenpai","1703631926921","1","France","6","0","5",NULL,"75","10993628","1966915.5467","67105645","80413021","LobbySurvisland"
"PopcornRazer","1703794943609","0","France","5","76","30",NULL,"90","18723552","2812529.4556","223888868","29238783","LobbySurvisland"
"Prince_Redbull","1703878197627","1","France","20","93","128",NULL,"93","15033610","3141872.1613","270258505","21935606","Bancalvivor_S3"
"Mrfox4","1677867163633","0","France","53","301","44","36.29651162790697","116","17780933","2229015.7931","241191750","17374082","S14 - Phain"
"TheRedMan88","1682259176992","4","France","5","9","59","233.08","33","14062139","2057024.6667","64630694","3251120","S15 - Pandora"
"Faeten","1677871675333","4","France","59","133","118","38.129629629629626","65","12627616","1710484.6308","97938378","13243123","S18 - Alien Planet"
"ImFormal","1704640642646","2","France","4","13","16",NULL,"94","12190213","1589566.7553","142327486","7091789","S19 - Alunnius"
"Makisan_","1704647262349","8","France","188","304","389","62.45655877342419","351","12169961","1403038.7436","453782026","38684573","S18 - Alien Planet"
"DontBeAKidKelvin","1677873302433","5","Switzerland","18","276","14","42.56635071090047","78","15650738","1797167.0897","137460374","2718659","S20 - Jewel"
"deltariss","1705609606045","1","France","8","50","84",NULL,"44","12662972","1604354.9318","66732719","3858898","S22 - Prehistoric Canyon"
"SimonzeMK","1682171523321","2","France","31","3","52",NULL,"91","9515742","1640856.2527","128810316","20507603","S15 - Pandora"
"Gldxn","1706451963107","0","France","0","0","0",NULL,"4","5678266","1887256.5000","7549026","0","S16 - Lisrina"
"DarkGiant24","1682258562591","11","Canada","2","16","12","1225.9105263157894","31","6513655","834510.9677","24098194","1771646","TribeCivilization"
"DeadRed","1707058246582","0","France","8","31","13",NULL,"40","15435523","2613389.0500","100939790","3595772","S20 - Jewel"
"tgi74","1676731684532","0","France","0","0","0",NULL,"42","13877065","2290025.9048","76978218","19202870","S20 - Jewel"
"_PtitEven","1707575037526","0","France","73","23","133",NULL,"274","17841449","2298337.9051","563581184","66163402","S14 - Phain"
"Sk0rmyUwU","1707661902811","4","France","216","713","348",NULL,"157","19440179","2700818.4268","372771142","51257351","goatvivor"
"Shadow_Laviko","1708199272297","0","France","0","0","5","30.558086560364465","51","13349283","2318668.1373","100601520","17650555","DRRPLongue"
"Frogounnet","1708199979085","6","France","60","47","183","84.14128728414443","102","14871607","2766166.5490","265143239","17005749","DRRPLongue"
"bribriac","1709055291748","11","France","48","615","140","118.58093797276854","266","12698297","1628356.8534","369922918","63220005","S18 - Alien Planet"
"NekoZ18_","1709158774035","1","France","107","143","154",NULL,"100","12224090","1944578.8200","182567015","11890867","S18 - Alien Planet"
"Loumardes","1709308088243","0","France","2","5","58",NULL,"25","3599268","587760.2400","13668492","1025514","Switch"
"Skuterr","1709332272469","3","France","176","450","603","45.78386605783866","295","17645870","2634408.7525","728883934","48266648","S14 - Phain"
"Ahyoli","1709665607247","0","France","46","18","110","32.13394495412844","64","13393868","1784999.1875","99391087","14848861","S14 - Phain"
"ElFuZzion","1709753642154","25","France","471","377","286","36.05423213380639","619","19212177","1690938.4604","922128065","124562842","goatvivor"
"BaSsilA","1709764868898","5","France","6","279","44",NULL,"75","18357953","2297732.5733","163729562","8600381","goatvivor"
"Nelnaa","1709926823760","0","France","3","5","16",NULL,"21","10941219","2689439.4762","54279209","2199020","S19 - Alunnius"
"Shounay","1676729134632","0","France","0","0","2",NULL,"13","8104784","1636761.3077","20157831","1120066","S17 - Parrot's Kingdom"
"Fourios","1710025064613","0","France","0","5","16",NULL,"26","10586855","1781430.5769","43431592","2885603","S19 - Alunnius"
"Aphtrack","1710184570962","0","France","18","15","95",NULL,"80","13272853","2050780.0625","164062405","0","S18 - Alien Planet"
"Soulivan71","1710351478837","0","France","0","0","1",NULL,"16","5870882","924495.9375","14609636","182299","BuildSurvisland"
"Ender_oO","1506263173723","4","France","52","200","124","29.78787878787879","278","17371807","2261034.8777","567813631","60754065","goatvivor"
"beXnope","1710441251636","3","France","5","376","35",NULL,"81","13534238","1736769.9877","137417312","3261057","S17 - Parrot's Kingdom"
"Comte_L","1677958530280","0","Switzerland","0","126","9","48.14119922630561","36","10162409","1275583.5278","43787998","2133009","GLD_JN_S10"
"cozotidg","1710532669347","1","France","52","133","81","28.22911051212938","71","18026831","1183437.7324","78735383","5288696","LKS_Bancal_S13"
"Juliespl","1710701595077","4","France","74","308","257","417.6842105263158","198","13264901","1342132.4596","248758465","16983762","Bancalvivor_S3"
"BoursinLeFromage","1710704095264","2","France","47","75","134",NULL,"59","13382817","2593696.3898","146055919","6972168","S18 - Alien Planet"
"Eastwim","1680287898385","2","France","153","362","123",NULL,"62","13218563","2010201.2903","123197239","1435241","S18 - Alien Planet"
"Skykryx","1711224571361","5","France","158","48","262","35.826401446654614","217","23939588","1790091.8848","319360772","69089167","BuildSurvisland"
"_Jeffy","1711392003951","3","France","1","179","32",NULL,"44","13927596","2978016.7273","128695461","2337275","S17 - Parrot's Kingdom"
"Abraxxan","1711566223781","0","France","61","11","12",NULL,"75","12415674","1747708.9333","120487728","10590442","S18 - Alien Planet"
"Xxara","1711568042414","1","France","56","613","88",NULL,"227","13378838","1762146.9163","339764719","60242631","S18 - Alien Planet"
"Phylalix_","1711732109193","0","France","11","251","22",NULL,"22","4322148","836903.9545","18097776","314111","RDM_RD"
"Matasalivo","1712256517290","5","France","100","399","309","92.6","123","14385968","2140947.7073","240898870","22437698","S17 - Parrot's Kingdom"
"TheAlphaX","1712429086731","7","France","20","143","92","71.65760322255791","105","12418168","1696148.9714","167074169","11021473","S22 - Prehistoric Canyon"
"Aqua2b","1713014692651","1","France","0","0","0",NULL,"8","8822775","1508326.1250","12066609","0","FUZ_Bancalvivor"
"VinzMioda","1612641350973","4","France","86","160","73","98.1574074074074","55","13943185","2442424.8182","124360908","9972457","S14 - Phain"
"AdraiK","1677356788727","0","France","15","46","30",NULL,"62","15929755","2373251.0000","143928812","3212750","S20 - Jewel"
"Dark_Ail","1684608569346","0","The Netherlands","5","55","17",NULL,"13","8063716","1549236.3077","19590630","549442","RDM_BHC_240927"
"Feynoox_","1678476766474","0","France","0","0","1",NULL,"9","1581252","401894.2222","3154365","462683","LYK_Bancalvivor_S10"
"TomSawyerWolf","1714915779415","1","France","1","11","11",NULL,"73","15624477","2237730.9315","161151409","2202949","S20 - Jewel"
"Dari76","1687111116772","0","France","0","1","1",NULL,"15","6023378","1744382.4667","23567461","2598276","S18 - Alien Planet"
"Pouka","1714916226015","0","France","0","0","2",NULL,"8","5354092","1527200.3750","11504532","713071","S14 - Phain"
"Lenya__","1676730714033","4","France","0","22","3","194.1578947368421","28","12691897","1927933.3214","52728147","1253986","LYK_Bancalvivor_S10"
"Kadxx","1717349338627","5","France","40","39","162","64.3239573229874","83","13117818","2199283.6506","170412353","12128190","S22 - Prehistoric Canyon"
"BlarzuFrite","1717788310264","1","Luxembourg","12","106","75",NULL,"45","14578627","3248542.7778","136084115","10100310","S14 - Phain"
"AlessLeRat","1717854566550","1","France","88","120","180","35.75314861460957","71","13283765","2784070.9577","181866912","15802126","LKS_Bancal_S13"
"GregersenGOAT","1718818694159","2","France","0","0","2",NULL,"13","174262","61436.5385","798675","0","LobbySurvisland"
"Elmat26","1719345793049","1","France","0","0","0",NULL,"4","21350","15979.2500","63917","0","LobbySurvisland"
"GoldVision98","1720272373740","0","Local Machine","0","0","0",NULL,"1","13","13.0000","13","0","DRRP1"
"Tnt_79","1720272380975","0","Local Machine","0","0","0",NULL,"1","1","1.0000","1","0","DRRP1"
"math730","1720272413924","0","Local Machine","0","0","0",NULL,"2","0","0.0000","0","0","DRRP1"
"Stoupy51","1720272477903","0","Local Machine","0","0","0",NULL,"1","15","15.0000","15","0","DRRP1"
"Will_Boss_Gamer","1676731812732","0","France","14","18","5",NULL,"19","12390426","3275605.3684","58169568","4066934","S20 - Jewel"
"Lidqil","1684609273946","0","France","0","1","0",NULL,"19","10839753","1559537.5263","29388289","242924","S20 - Jewel"
"6Kyurea","1721337661692","2","France","3","11","37",NULL,"77","13870555","2530123.8052","191491485","3328048","S19 - Alunnius"
"PrincesseLucie","1721405308949","0","Switzerland","0","0","0",NULL,"3","1395018","505818.6667","1517456","0","S19 - Alunnius"
"Cacedoupamso","1721570643013","0","Belgium","0","0","0",NULL,"2","1921333","967061.0000","1934122","0","S19 - Alunnius"
"MissFlamme","1721588573225","0","France","0","0","0",NULL,"2","1414734","741088.0000","1259637","222539","S19 - Alunnius"
"Marimiss","1676730628232","0","Canada","0","8","10",NULL,"60","15847414","2184567.3000","121174629","9899409","S20 - Jewel"
"Maxhihih","1721675212536","1","France","0","9","9",NULL,"27","11537328","2727318.2222","69994940","3642652","S19 - Alunnius"
"cosmos76","1722006152309","24","France","0","3","13",NULL,"141","12088092","586087.2270","73807044","8831255","S19 - Alunnius"
"Yousat_","1722010101215","5","France","2","70","17","201.23809523809524","59","13823337","3051764.9322","177631585","2422546","S19 - Alunnius"
"YoyiOctaupe","1722082510581","2","France","3","17","68",NULL,"63","13368248","2260755.6190","139077348","3350256","S19 - Alunnius"
"PierreCHT","1700259879960","1","France","0","2","3",NULL,"4","1060721","377493.7500","1509975","0","Switch"
"__Arm","1722185310388","0","France","0","0","0",NULL,"2","18273","11942.0000","23884","0","Switch"
"Fashion_Rkt","1722268970469","41","France","193","1202","302","35.872453703703705","911","20099265","1748653.9473","1448663966","144359780","BuildSurvisland"
"Baal__","1722616456920","0","France","0","0","0",NULL,"8","4881169","1468328.1250","11458653","287972","S19 - Alunnius"
"Willister_","1722781352917","13","Canada","34","11","56","603.1024590163935","119","13281086","1993162.2101","220139819","17046484","S19 - Alunnius"
"ChatMalin","1722958027056","0","France","1","6","28",NULL,"56","13278401","3036149.7500","164920684","5103702","S19 - Alunnius"
"goss772","1723385465945","0",NULL,"0","0","1",NULL,"1","937221","937221.0000","937221","0","RLCIsland"
"Saullltt","1723563020622","0","France","0","0","0",NULL,"20","12788299","1349208.0500","26651056","333105","LYK_Bancalvivor_S6"
"Drex108662","1723645578507","2","France","0","0","0",NULL,"5","89541","38920.8000","194604","0","LobbySurvisland"
"Luxsmo","1723659059225","0","France","26","19","87","32.18807339449541","122","17076871","2852370.5820","317132653","30856558","LYK_Bancalvivor_S10"
"bordelasmetak","1723719034767","0","France","0","0","0",NULL,"1","148630","148630.0000","148630","0","LobbySurvisland"
"ElPina_","1723918901222","1","Canada","2","38","21",NULL,"34","13324292","2753576.4706","85318011","8303589","LYK_Bancalvivor_S6"
"Rokoul","1724594110385","0","France","5","0","12",NULL,"6","4098801","1054668.8333","5778352","549661","BuildSurvisland"
"Sfqkeur_","1724868666673","7","France","0","0","2",NULL,"27","4868289","886056.7778","21347731","2575802","S19 - Alunnius"
"Senju_38","1725232612495","0","France","0","0","0",NULL,"2","1747342","895855.0000","1791710","0","BuildSurvisland"
"_Asarck","1725298470226","1","France","3","9","8",NULL,"39","9426623","1346874.8205","51890561","637557","S19 - Alunnius"
"MelLey5","1725561197103","7","France","34","21","211","165.39336492890996","137","13223120","1335489.3577","131627511","51334531","S22 - Prehistoric Canyon"
"Mr_Raichu","1725718312881","0","Canada","0","0","0",NULL,"4","1230664","442208.2500","1563432","205401","S19 - Alunnius"
"San_Mononoke","1681498990228","0","Switzerland","1","3","6",NULL,"14","10616079","2386833.2143","33229422","186243","S20 - Jewel"
"GambinoJetski","1725800459117","0","France","49","45","25",NULL,"23","13920832","3158815.8696","67158704","5494061","S20 - Jewel"
"Ikinox_51","1690724680780","0","Lithuania","0","0","8",NULL,"2","2782804","1421937.5000","2660827","183048","Switch"
"_ManicBunny","1726272566881","0","France","1","0","18",NULL,"12","3344163","515515.9167","5909896","276295","LobbySurvisland"
"Sertoox","1681498913378","5","France","4","28","1","42.783018867924525","7","8377134","2165989.8571","14963920","198009","LYK_Bancalvivor_S6"
"Lovmyy","1728156719617","1","France","14","8","102","469.84615384615387","5","12480943","2750690.4000","13564897","188555","Switch_switch_game"
"Mamaboyyy","1728158071964","0","France","58","1","101",NULL,"4","12718126","4074622.7500","16057591","240900","Switch_switch_game"
"EvoRay25","1728930496229","0","France","24","103","70","24.001650165016503","111","24098685","1839274.0811","148861057","55298366","DRRPLongue"
"Rizio_","1681046923881","0","France","0","0","0",NULL,"2","3281054","2579470.0000","4926988","231952","LYK_Bancalvivor_S10"
"EhFiredo","1686496283349","5","France","31","41","66","54.580827067669176","58","11595365","2169997.1034","117783590","8076242","S22 - Prehistoric Canyon"
"MrDraaak","1729458322535","0","France","0",NULL,NULL,NULL,"0",NULL,NULL,NULL,NULL,NULL
"GoogleComThings","1729556620887","0","United States","0",NULL,NULL,NULL,"0",NULL,NULL,NULL,NULL,NULL
"Renard_BE","1729776131609","0","Belgium","1","1","0",NULL,"2","11687205","6077515.0000","12155030","0","FUZ_Bancalvivor"
"Ecayon","1682708614388","0","France","0","0","0",NULL,"1","16486","16486.0000","16486","0","LobbySurvisland"
"theogiraudet","1730049533400","0","France","4","0","1",NULL,"1","1749516","1749516.0000","1749516","0","Switch_switch_game"
"Layms","1730049768324","0","France","0","0","3",NULL,"2","1515323","820955.0000","1641910","0","Switch_switch_game"
"e_psi_lon","1682945813547","0","France","0","0","4",NULL,"3","1490877","578888.0000","1736664","0","Switch_switch_game"
"Mme_Duval","1730577823568","0","France","0","0","3",NULL,"10","11852174","3183004.5000","29707218","2122827","DRRPLongue"
"ixiondata974","1730578474060","0","France","0",NULL,NULL,NULL,"0",NULL,NULL,NULL,NULL,NULL
"Choukekette","1730750352293","4","France","15","114","79","74.46496106785317","70","13220693","2137517.0000","139549888","10076302","S22 - Prehistoric Canyon"
"yami_chann_","1730923022978","6","France","55","77","255","34.512445095168374","71","16687986","2593886.8592","156919856","27246111","LKS_Bancal_S13"
"Pyranos45","1731009604164","1","France","0","0","0",NULL,"27","10646307","1181923.4074","28917983","2993949","S22 - Prehistoric Canyon"
"Cakawouaitte","1731355563453","0","Belgium","0","0","0",NULL,"6","1620975","382241.8333","1905794","387657","S19 - Alunnius"
"DindeSauvage393","1731592437881","0","France","0","0","4",NULL,"1","1333366","1333366.0000","1333366","0","LobbySurvisland"
"ygriffe","1731751423106","0","France","36","114","100","28.639118457300274","29","12897485","3323825.7241","86153387","10237559","S22 - Prehistoric Canyon"
"LouKa_","1731787881186","0","France","0","152","13","26.835660580021482","38","13060726","3259704.0000","118074968","5793784","S22 - Prehistoric Canyon"
"Erusel","1732037069372","0","France","0","0","0",NULL,"3","1432776","485857.3333","1457572","0","S19 - Alunnius"
"iStrikZzz","1732125667230","0","France","0","0","0",NULL,"11","8375961","1700936.0000","18166437","543859","S22 - Prehistoric Canyon"
"Fan2Xiao","1732390283911","14","France","12","0","28","420.52252252252254","94","12746492","1086652.8723","98772493","3372877","S17 - Parrot's Kingdom"
"Antho86","1732480558985","0","France","2","0","3",NULL,"7","1505023","452146.0000","2943011","222011","S19 - Alunnius"
"Kyrutoo","1595616513983","0","Belgium","0","7","31","25.98148148148148","27","10234787","2380321.2593","54264355","10004319","S22 - Prehistoric Canyon"
"Rth10","1732986310460","2","France","2","161","117","24.18645948945616","45","13031996","2728851.4444","111673437","11124878","S22 - Prehistoric Canyon"
"NV__","1733514886700","5",NULL,"0","53","1","46.509803921568626","5","2837472","1303862.8000","6519314","0","RDM_Fate2412"
"KikoroSuper","1733514893338","2",NULL,"0","9","1","34.705882352941174","4","3541458","1242809.5000","4971238","0","RDM_Fate2412"
"Meriator","1733515045754","4",NULL,"2","44","4","29.576923076923077","4","3080841","1651435.0000","6183648","422092","RDM_Fate2412"
"ZermaGx","1733515048793","2",NULL,"1","27","4","36.41836734693877","2","3099194","2372831.0000","4745662","0","RDM_Fate2412"
"PikIronMan","1733515080100","7","France","0","43","1","57.22429906542056","7","3506602","999755.8571","6998291","0","RDM_Fate2412"
"Alezys_","1733515215533","3",NULL,"8","41","4","35.666666666666664","5","3345831","1096074.2000","5480371","0","RDM_Fate2412"
"Dragofafmir","1733579541460","1","Switzerland","10","3","32",NULL,"10","5268488","936550.8000","9029724","335784","Switch_switch_game"
"_Taupe_","1733579651908","0","France","24","9","19",NULL,"10","8553318","926644.4000","9266444","0","Switch_switch_game"
"Insecte_","1733579952292","0","France","13","0","29",NULL,"7","8113631","1253356.7143","8407745","365752","Switch_switch_game"
"Lankdower","1733579957870","0","France","30","6","26",NULL,"7","8616126","1298233.5714","9087635","0","Switch_switch_game"
"cliele","1733580051092","0","France","7","6","24",NULL,"8","8523196","1130772.5000","9046180","0","Switch_switch_game"
"Nitorep","1733580220494","0","France","26","12","28",NULL,"4","8354433","2142231.0000","8568924","0","Switch_switch_game"
"NaNi___","1733580383793","1","France","8","1","18",NULL,"13","6084292","664916.2308","8338037","305874","Switch_switch_game"
"KnightSanto","1733580817918","0","United Kingdom","0","2","7",NULL,"1","2736285","2736285.0000","2736285","0","Switch_switch_game"
"El_Newman","1733581537103","0","Canada","7","0","31",NULL,"1","5292235","5292235.0000","5292235","0","Switch_switch_game"
"Ikena_","1733581614741","0","France","13","1","32",NULL,"2","6857440","3463748.5000","6470414","457083","Switch_switch_game"
"Zloumnos","1733581836642","0","France","19","8","20",NULL,"18","5771873","375983.4444","6576902","190800","Switch_switch_game"
"_Quantix_","1733585212294","0","Switzerland","9","2","13",NULL,"4","3362521","899538.5000","3363615","234539","Switch_switch_game"
"Domanail","1733585413143","1","France","10","4","13",NULL,"3","3060663","1057897.3333","3173692","0","Switch_switch_game"
"Benjimpl_","1733586121946","1","France","5","11","5",NULL,"5","2452781","547468.4000","2522441","214901","Switch_switch_game"
"Magestic_Aura","1733587409340","0","France","0","0","2",NULL,"10","1161981","177556.9000","1775569","0","Switch_switch_game"
"Deknnn","1733675249835","0","France","0","0","0",NULL,"2","1033955","539662.0000","1079324","0","S17 - Parrot's Kingdom"
"Olery_","1733675392779","0","France","0","0","0",NULL,"2","913797","461917.5000","923835","0","S17 - Parrot's Kingdom"
"ZephMeg","1733779369497","0","France","0","0","5",NULL,"3","4676840","1631888.3333","4895665","0","BuildSurvisland"
"Guillemelboso","1698510998205","1","France","0","0","6","32.804545454545455","17","8000032","3077184.7059","50075121","2237019","Archon"
"RomainLeRoux","1685213474741","0","France","0","0","6",NULL,"18","14552711","2336687.8333","40077682","1982699","S17 - Parrot's Kingdom"
"Akiraria","1734118369322","3","France","0","0","9","244.375","27","14541504","1901689.5185","51162356","183261","S17 - Parrot's Kingdom"
"ILoveChoca_","1734119091470","0","France","0","0","0",NULL,"10","6928408","966796.6000","9667966","0","S17 - Parrot's Kingdom"
"Scan__","1676818511062","0","France","0","0","0",NULL,"10","8044479","1534837.2000","15348372","0","S17 - Parrot's Kingdom"
"AleksaiUwU","1734119328421","1","Canada","1","0","9",NULL,"15","14546350","2989593.8667","37450764","7393144","S17 - Parrot's Kingdom"
"ANTAGONISTO","1684004367603","0","France","0","0","3",NULL,"18","13193435","2110003.7222","30905859","7074208","S17 - Parrot's Kingdom"
"0ri0n03","1677959185631","0","France","13","109","8","37.9051724137931","20","7226416","942360.1500","18847203","0","RDM_BHC_250316"
"Srangee","1680964177007","0","France","0","30","8",NULL,"10","20663436","3064267.4000","29026171","1616503","LKS_Bancal_S13"
"_Paulo_","1660062988000","0","France","3","80","5","32.73358116480793","31","12033712","2646146.8387","74009958","8020594","DRRPLongue"
"LeFanDeFiredo","1734811629690","6","France","0","36","4","375.3666666666667","17","5387925","586914.1765","9977541","0","RDM_BHC_241221"
"HV_ThePanda","1682950277279","0","France","28","0","30",NULL,"1","3550411","3550411.0000","3550411","0","Switch_switch_game"
"chapichapo24","1735330381268","0","France","0","5","0",NULL,"2","3096301","2180623.0000","4180282","180964","Archon"
"WannaLaFraise","1735681385941","0","France","13","2","24",NULL,"2","4824595","2434171.0000","4868342","0","Switch_switch_game"
"Oompa0Loompa","1736087945374","2","Belgium","38","260","104","35.21457489878542","36","13185798","3981958.7778","132876636","10473880","S22 - Prehistoric Canyon"
"LucLec0","1737203172304","7","Canada","0","0","1","1097.2042253521126","12","6366201","834140.5833","9764999","244688","TribeCivilization"
"solaire336","1737206401286","4","France","1","12","1","112.54811715481172","6","11230569","2628936.0000","15773616","0","TribeCivilization"
"Tltouic","1737207007386","4","France","0","0","2","90.52247191011236","7","8227575","1724534.7143","12071743","0","TribeCivilization"
"Elzariia","1737207114237","6","France","0","0","1","64.16420361247947","17","13192382","4157046.5882","69083392","1586400","DRRPLongue"
"LahulYah","1737207394086","3","France","0","0","1","158","10","11497614","1460460.4000","14604604","0","TribeCivilization"
"Shintxro","1737207839198","4","France","2","3","0","174.3551401869159","6","11475102","2387096.0000","14322576","0","TribeCivilization"
"myriapod","1737208087989","1","France","0","5","3","200.37560975609756","4","11120137","3361921.5000","13447686","0","TribeCivilization"
"GlaiveTordue","1737209042937","2","France","0","2","1","509","4","3426077","1288916.2500","5155665","0","TribeCivilization"
"Hiinto","1737209494740","1","France","0","0","0",NULL,"1","1","1.0000","1","0","TribeCivilization"
"_Alienor","1704551751973","0","France","0","0","0",NULL,"1","524422","524422.0000","524422","0","LobbySurvisland"
"Cizayoxy","1737569151934","0","France","0","0","0",NULL,"2","12217625","6318478.0000","11398215","1238741","S21 - Garden of the East"
"Rodakk1","1714916279441","0","France","0","0","0",NULL,"3","20594898","7085014.6667","19774411","1480633","LKS_Bancal_S13"
"Dlocelot","1737749375621","0","France","0","0","0",NULL,"3","43917","28890.6667","86672","0","LobbySurvisland"
"TheGuill84","1738238788890","2","France","1","89","23","34.86566091954023","27","13933309","5946565.9630","141981666","18575615","S21 - Garden of the East"
"Nimbusito","1738246546989","0","Belgium","0","0","0",NULL,"14","130345","41632.9286","582861","0","S21 - Garden of the East"
"Emiiilou","1676728911681","1","France","0","3","1",NULL,"33","12703488","2577831.0303","51377795","33690629","S21 - Garden of the East"
"Mikalix","1738377123116","0","France","0","0","0",NULL,"1","188720","188720.0000","188720","0","LobbySurvisland"
"Typholz","1712430417125","0","France","19","61","7",NULL,"7","10291920","1760879.4286","11899952","426204","RDM_BHC_RR"
"DontBeAKidMathis","1738417670841","0","France","0","0","0",NULL,"2","50120","28271.0000","56542","0","RDM_BHC_RR"
"Jenna2Games","1738517358166","1","France","0","0","0",NULL,"3","2047231","715923.3333","2147770","0","S22 - Prehistoric Canyon"
"Kaosvmd_","1738780736928","1","France","1","8","10",NULL,"8","13911967","9389403.7500","70332833","4782397","S21 - Garden of the East"
"demaZelle","1738956095000","2","France","2","117","21","26.987834549878347","19","15671678","5951261.0526","95735944","17338016","S21 - Garden of the East"
"Lapin","1738956357064","2","France","0","31","34",NULL,"8","14105302","8342248.7500","61337474","5400516","S21 - Garden of the East"
"MartinPonK","1738956405818","1","France","0","31","9",NULL,"5","12562324","7728757.2000","35314702","3329084","S21 - Garden of the East"
"chloelive","1738956434403","0","Belgium","0","0","6",NULL,"6","13182568","5806166.0000","32258028","2578968","S21 - Garden of the East"
"Flannou","1738956782676","0","France","0","22","16","23.659666128163703","22","15030044","7771525.6818","148417976","22555589","S21 - Garden of the East"
"LadySundae","1738956784746","1","France","0","36","2",NULL,"4","13618252","9237960.7500","34520987","2430856","S21 - Garden of the East"
"Lvcyd","1738956807758","3","Belgium","0","131","17","25.977342314758115","29","14008428","5489058.1724","146371196","12811491","S21 - Garden of the East"
"Gom4rt_","1738957053386","1","France","0","32","2",NULL,"2","13361214","12164870.5000","22468874","1860867","S21 - Garden of the East"
"MathoX","1738957124198","2","France","0","61","24","36.46496469310158","23","14067716","7000399.8696","142667108","18342089","S21 - Garden of the East"
"Julgane","1738957444972","0","France","1","1720","14","34.242305540011195","23","13881534","6735825.8696","139554392","15369603","S21 - Garden of the East"
"JimmyBoyyy","1738957640458","1","France","0","430","20","34.92195767195767","19","13598276","6624252.2632","113749891","12110902","S21 - Garden of the East"
"Thatdanmgirll","1738957739687","2","France","0","77","8","33.41717791411043","16","14053831","7002441.7500","98753141","13285927","S21 - Garden of the East"
"AnaeeZ","1738957974884","1","France","0","44","45","31.55641166758393","19","15315601","7541008.6842","130296818","12982347","S21 - Garden of the East"
"Laupoke","1738958334254","2","France","0","105","41","28.945255474452555","13","13999396","7661862.4615","88812412","10791800","S21 - Garden of the East"
"humilityfr","1738958385740","2","France","0","51","18","20.368948247078464","27","15526310","4825604.5926","118228365","12062959","S21 - Garden of the East"
"Dragiox","1562786538889","0","France","1","0","0",NULL,"11","6763522","1414068.4545","13480766","2073987","DRRP1"
"LastStyleBender_","1739128213123","0","France","2","0","0",NULL,"7","9450887","1400442.1429","9077979","725116","DRRP1"
"Begaye","1739129785123","0","France","0","0","0",NULL,"4","10784746","2752382.0000","10129577","879951","DRRP1"
"Baleino_","1739129809704","0","France","0","0","0",NULL,"18","3606478","556817.1667","9626057","396652","DRRP1"
"XoRlL","1739129986969","0","France","0","0","0",NULL,"3","10303665","3551904.0000","10244392","411320","DRRP1"
"Neolytik","1739130064785","0","France","1","0","1",NULL,"6","9372856","1741086.3333","9986552","459966","DRRP1"
"Dalil_","1660072307127","0","France","0","0","0",NULL,"4","9460684","2545647.2500","9493776","688813","DRRP1"
"Sopaling","1739130982797","0","France","0","0","0",NULL,"5","6352963","1932992.4000","9664962","0","DRRP1"
"Parialo","1605384162898","0","France","0","0","1",NULL,"4","9480579","2408464.0000","7820944","1812912","DRRP1"
"Soffyn","1595617461123","0","France","0","0","0",NULL,"4","9270518","2347298.7500","9389195","0","DRRP1"
"Tchobax","1739131468132","0","France","0","0","1",NULL,"2","8951116","4585362.5000","5329830","3840895","DRRP1"
"Nyctalopie","1739215918215","0","France","0","1","0",NULL,"16","7990587","1140586.6250","4644691","13604695","DRRPLongue"
"Xintech","1739234442508","0","France","0","0","0",NULL,"2","332333","181223.5000","362447","0","S21 - Garden of the East"
"Arlovie_","1680962491558","0","France","0","0","9",NULL,"6","2082178","435746.6667","2614480","0","BuildSurvisland"
"Ayro_","1739973384880","0","France","0","0","2",NULL,"2","582711","297819.0000","595638","0","S22 - Prehistoric Canyon"
"SirSlimiy","1740426952495","0","France","0","0","0","32.825","17","10053408","1217723.0000","14338555","6362736","S22 - Prehistoric Canyon"
"L50123","1740466826173","0","United States","0",NULL,NULL,NULL,"0",NULL,NULL,NULL,NULL,NULL
"Enzebii","1693326168651","0","France","0","0","0",NULL,"2","284466","283797.0000","567594","0","LobbySurvisland"
"BernusLiman","1741981912801","0","France","0","0","0",NULL,"1","2394","2394.0000","2394","0","LobbySurvisland"
"Gagab03","1677870874783","0","France","0","66","1","36.60771704180064","5","7623466","1920912.6000","9604563","0","RDM_BHC_250316"
"Trazqed","1742155169404","0","France","0","45","1","33.612794612794616","4","7546111","2297488.5000","9189954","0","RDM_BHC_250316"
"Simon27299","1742155408343","0","France","2","38","1","39.975352112676056","4","7473733","2208292.0000","8171301","661867","RDM_BHC_250316"
"Baby_Pasteque","1742207856295","0","France","0","0","0","31.533333333333335","10","475110","126840.1000","1049439","218962","RDM_BHC_250316map2"
"foxytailV4","1742238311233","0","France","0",NULL,NULL,NULL,"0",NULL,NULL,NULL,NULL,NULL
