[
  {
    "function": "minecraft:set_components",
    "components": {
      "minecraft:written_book_content": {
        "title": "Guide",
        "author": "AirDox_",
        "pages": [
          "[\"\", {\"translate\": \"simpledrawer.guide_first\", \"font\": \"simpledrawer:big\", \"color\": \"black\", \"bold\": true}, \"\\n\\n\", {\"translate\": \"simpledrawer.guide.first_page\", \"color\": \"black\"}, \"\\n\", {\"text\": \"\\uef03\\uff37\\uef03\", \"font\": \"simpledrawer:pages\", \"color\": \"white\", \"hoverEvent\": {\"action\": \"show_item\", \"contents\": {\"id\": \"minecraft:furnace\", \"components\": {\"minecraft:item_name\": \"{\\\"translate\\\": \\\"block.smithed.crafter\\\"}\"}}}, \"clickEvent\": {\"action\": \"change_page\", \"value\": \"2\"}}, {\"text\": \"\\uef03\\uff3a\\uef03\", \"font\": \"simpledrawer:pages\", \"color\": \"white\", \"hoverEvent\": {\"action\": \"show_item\", \"contents\": {\"id\": \"minecraft:furnace\", \"components\": {\"minecraft:item_name\": \"{\\\"translate\\\": \\\"simpledrawer.new_drawer\\\"}\"}}}, \"clickEvent\": {\"action\": \"change_page\", \"value\": \"3\"}}, {\"text\": \"\\uef03\\uff3d\\uef03\", \"font\": \"simpledrawer:pages\", \"color\": \"white\", \"hoverEvent\": {\"action\": \"show_item\", \"contents\": {\"id\": \"minecraft:furnace\", \"components\": {\"minecraft:item_name\": \"{\\\"translate\\\": \\\"simpledrawer.double_new_drawer.empty\\\"}\"}}}, \"clickEvent\": {\"action\": \"change_page\", \"value\": \"6\"}}, {\"text\": \"\\uef03\\uff40\\uef03\", \"font\": \"simpledrawer:pages\", \"color\": \"white\", \"hoverEvent\": {\"action\": \"show_item\", \"contents\": {\"id\": \"minecraft:furnace\", \"components\": {\"minecraft:item_name\": \"{\\\"translate\\\": \\\"simpledrawer.quadruple_new_drawer.empty\\\"}\"}}}, \"clickEvent\": {\"action\": \"change_page\", \"value\": \"7\"}}, {\"text\": \"\\uef03\\uff43\\uef03\", \"font\": \"simpledrawer:pages\", \"color\": \"white\", \"hoverEvent\": {\"action\": \"show_item\", \"contents\": {\"id\": \"minecraft:furnace\", \"components\": {\"minecraft:item_name\": \"{\\\"translate\\\": \\\"simpledrawer.compacting_new_drawer.empty\\\"}\"}}}, \"clickEvent\": {\"action\": \"change_page\", \"value\": \"8\"}}, {\"text\": \"\\uef03\\uff46\\uef03\", \"font\": \"simpledrawer:pages\", \"color\": \"white\", \"hoverEvent\": {\"action\": \"show_item\", \"contents\": {\"id\": \"minecraft:jigsaw\", \"components\": {\"minecraft:item_name\": \"{\\\"translate\\\": \\\"simpledrawer.hopper_upgrade\\\", \\\"color\\\": \\\"white\\\"}\"}}}, \"clickEvent\": {\"action\": \"change_page\", \"value\": \"10\"}}, \"\\n\", {\"text\": \"\\uef01\", \"font\": \"simpledrawer:pages\", \"color\": \"white\", \"hoverEvent\": {\"action\": \"show_item\", \"contents\": {\"id\": \"minecraft:furnace\", \"components\": {\"minecraft:item_name\": \"{\\\"translate\\\": \\\"block.smithed.crafter\\\"}\"}}}, \"clickEvent\": {\"action\": \"change_page\", \"value\": \"2\"}}, {\"text\": \"\\uef01\", \"font\": \"simpledrawer:pages\", \"color\": \"white\", \"hoverEvent\": {\"action\": \"show_item\", \"contents\": {\"id\": \"minecraft:furnace\", \"components\": {\"minecraft:item_name\": \"{\\\"translate\\\": \\\"simpledrawer.new_drawer\\\"}\"}}}, \"clickEvent\": {\"action\": \"change_page\", \"value\": \"3\"}}, {\"text\": \"\\uef01\", \"font\": \"simpledrawer:pages\", \"color\": \"white\", \"hoverEvent\": {\"action\": \"show_item\", \"contents\": {\"id\": \"minecraft:furnace\", \"components\": {\"minecraft:item_name\": \"{\\\"translate\\\": \\\"simpledrawer.double_new_drawer.empty\\\"}\"}}}, \"clickEvent\": {\"action\": \"change_page\", \"value\": \"6\"}}, {\"text\": \"\\uef01\", \"font\": \"simpledrawer:pages\", \"color\": \"white\", \"hoverEvent\": {\"action\": \"show_item\", \"contents\": {\"id\": \"minecraft:furnace\", \"components\": {\"minecraft:item_name\": \"{\\\"translate\\\": \\\"simpledrawer.quadruple_new_drawer.empty\\\"}\"}}}, \"clickEvent\": {\"action\": \"change_page\", \"value\": \"7\"}}, {\"text\": \"\\uef01\", \"font\": \"simpledrawer:pages\", \"color\": \"white\", \"hoverEvent\": {\"action\": \"show_item\", \"contents\": {\"id\": \"minecraft:furnace\", \"components\": {\"minecraft:item_name\": \"{\\\"translate\\\": \\\"simpledrawer.compacting_new_drawer.empty\\\"}\"}}}, \"clickEvent\": {\"action\": \"change_page\", \"value\": \"8\"}}, {\"text\": \"\\uef01\", \"font\": \"simpledrawer:pages\", \"color\": \"white\", \"hoverEvent\": {\"action\": \"show_item\", \"contents\": {\"id\": \"minecraft:jigsaw\", \"components\": {\"minecraft:item_name\": \"{\\\"translate\\\": \\\"simpledrawer.hopper_upgrade\\\", \\\"color\\\": \\\"white\\\"}\"}}}, \"clickEvent\": {\"action\": \"change_page\", \"value\": \"10\"}}, \"\\n\", {\"text\": \"\\uef03\\uff49\\uef03\", \"font\": \"simpledrawer:pages\", \"color\": \"white\", \"hoverEvent\": {\"action\": \"show_item\", \"contents\": {\"id\": \"minecraft:jigsaw\", \"components\": {\"minecraft:item_name\": \"{\\\"translate\\\": \\\"simpledrawer.iron_upgrade\\\", \\\"color\\\": \\\"white\\\"}\"}}}, \"clickEvent\": {\"action\": \"change_page\", \"value\": \"11\"}}, {\"text\": \"\\uef03\\uff4c\\uef03\", \"font\": \"simpledrawer:pages\", \"color\": \"white\", \"hoverEvent\": {\"action\": \"show_item\", \"contents\": {\"id\": \"minecraft:jigsaw\", \"components\": {\"minecraft:item_name\": \"{\\\"translate\\\": \\\"simpledrawer.gold_upgrade\\\", \\\"color\\\": \\\"white\\\"}\"}}}, \"clickEvent\": {\"action\": \"change_page\", \"value\": \"12\"}}, {\"text\": \"\\uef03\\uff4f\\uef03\", \"font\": \"simpledrawer:pages\", \"color\": \"white\", \"hoverEvent\": {\"action\": \"show_item\", \"contents\": {\"id\": \"minecraft:jigsaw\", \"components\": {\"minecraft:item_name\": \"{\\\"translate\\\": \\\"simpledrawer.diamond_upgrade\\\", \\\"color\\\": \\\"white\\\"}\"}}}, \"clickEvent\": {\"action\": \"change_page\", \"value\": \"13\"}}, {\"text\": \"\\uef03\\uff52\\uef03\", \"font\": \"simpledrawer:pages\", \"color\": \"white\", \"hoverEvent\": {\"action\": \"show_item\", \"contents\": {\"id\": \"minecraft:jigsaw\", \"components\": {\"minecraft:item_name\": \"{\\\"translate\\\": \\\"simpledrawer.star_upgrade\\\", \\\"color\\\": \\\"white\\\"}\"}}}, \"clickEvent\": {\"action\": \"change_page\", \"value\": \"14\"}}, {\"text\": \"\\uef03\\uff55\\uef03\", \"font\": \"simpledrawer:pages\", \"color\": \"white\", \"hoverEvent\": {\"action\": \"show_item\", \"contents\": {\"id\": \"minecraft:jigsaw\", \"components\": {\"minecraft:item_name\": \"{\\\"translate\\\": \\\"simpledrawer.netherite_upgrade\\\", \\\"color\\\": \\\"white\\\"}\"}}}, \"clickEvent\": {\"action\": \"change_page\", \"value\": \"15\"}}, {\"text\": \"\\uef03\\uff58\\uef03\", \"font\": \"simpledrawer:pages\", \"color\": \"white\", \"hoverEvent\": {\"action\": \"show_item\", \"contents\": {\"id\": \"minecraft:jigsaw\", \"components\": {\"minecraft:item_name\": \"{\\\"translate\\\": \\\"simpledrawer.downgrade_wrench\\\", \\\"color\\\": \\\"white\\\"}\"}}}, \"clickEvent\": {\"action\": \"change_page\", \"value\": \"16\"}}, \"\\n\", {\"text\": \"\\uef01\", \"font\": \"simpledrawer:pages\", \"color\": \"white\", \"hoverEvent\": {\"action\": \"show_item\", \"contents\": {\"id\": \"minecraft:jigsaw\", \"components\": {\"minecraft:item_name\": \"{\\\"translate\\\": \\\"simpledrawer.iron_upgrade\\\", \\\"color\\\": \\\"white\\\"}\"}}}, \"clickEvent\": {\"action\": \"change_page\", \"value\": \"11\"}}, {\"text\": \"\\uef01\", \"font\": \"simpledrawer:pages\", \"color\": \"white\", \"hoverEvent\": {\"action\": \"show_item\", \"contents\": {\"id\": \"minecraft:jigsaw\", \"components\": {\"minecraft:item_name\": \"{\\\"translate\\\": \\\"simpledrawer.gold_upgrade\\\", \\\"color\\\": \\\"white\\\"}\"}}}, \"clickEvent\": {\"action\": \"change_page\", \"value\": \"12\"}}, {\"text\": \"\\uef01\", \"font\": \"simpledrawer:pages\", \"color\": \"white\", \"hoverEvent\": {\"action\": \"show_item\", \"contents\": {\"id\": \"minecraft:jigsaw\", \"components\": {\"minecraft:item_name\": \"{\\\"translate\\\": \\\"simpledrawer.diamond_upgrade\\\", \\\"color\\\": \\\"white\\\"}\"}}}, \"clickEvent\": {\"action\": \"change_page\", \"value\": \"13\"}}, {\"text\": \"\\uef01\", \"font\": \"simpledrawer:pages\", \"color\": \"white\", \"hoverEvent\": {\"action\": \"show_item\", \"contents\": {\"id\": \"minecraft:jigsaw\", \"components\": {\"minecraft:item_name\": \"{\\\"translate\\\": \\\"simpledrawer.star_upgrade\\\", \\\"color\\\": \\\"white\\\"}\"}}}, \"clickEvent\": {\"action\": \"change_page\", \"value\": \"14\"}}, {\"text\": \"\\uef01\", \"font\": \"simpledrawer:pages\", \"color\": \"white\", \"hoverEvent\": {\"action\": \"show_item\", \"contents\": {\"id\": \"minecraft:jigsaw\", \"components\": {\"minecraft:item_name\": \"{\\\"translate\\\": \\\"simpledrawer.netherite_upgrade\\\", \\\"color\\\": \\\"white\\\"}\"}}}, \"clickEvent\": {\"action\": \"change_page\", \"value\": \"15\"}}, {\"text\": \"\\uef01\", \"font\": \"simpledrawer:pages\", \"color\": \"white\", \"hoverEvent\": {\"action\": \"show_item\", \"contents\": {\"id\": \"minecraft:jigsaw\", \"components\": {\"minecraft:item_name\": \"{\\\"translate\\\": \\\"simpledrawer.downgrade_wrench\\\", \\\"color\\\": \\\"white\\\"}\"}}}, \"clickEvent\": {\"action\": \"change_page\", \"value\": \"16\"}}, \"\\n\", {\"text\": \"\\uef03\\uff5b\\uef03\", \"font\": \"simpledrawer:pages\", \"color\": \"white\", \"hoverEvent\": {\"action\": \"show_item\", \"contents\": {\"id\": \"minecraft:written_book\", \"components\": {\"minecraft:item_name\": \"{\\\"translate\\\": \\\"simpledrawer.guide\\\"}\"}}}, \"clickEvent\": {\"action\": \"change_page\", \"value\": \"17\"}}, \"\\n\", {\"text\": \"\\uef01\", \"font\": \"simpledrawer:pages\", \"color\": \"white\", \"hoverEvent\": {\"action\": \"show_item\", \"contents\": {\"id\": \"minecraft:written_book\", \"components\": {\"minecraft:item_name\": \"{\\\"translate\\\": \\\"simpledrawer.guide\\\"}\"}}}, \"clickEvent\": {\"action\": \"change_page\", \"value\": \"17\"}}, \"\\n\"]",
          "[\"\", {\"translate\": \"block.smithed.crafter\", \"font\": \"simpledrawer:medium\", \"color\": \"black\"}, {\"text\": \"\\n\\uef13 \\uef14\\n\", \"font\": \"simpledrawer:pages\", \"color\": \"white\"}, \"\\n\", {\"text\": \"\\uef00\\uef00\", \"font\": \"simpledrawer:pages\", \"color\": \"white\"}, {\"text\": \"\\uef03\\uff28\\uef03\", \"font\": \"simpledrawer:pages\", \"color\": \"white\", \"hoverEvent\": {\"action\": \"show_item\", \"contents\": {\"id\": \"minecraft:oak_log\"}}}, {\"text\": \"\\uef03\\uff28\\uef03\", \"font\": \"simpledrawer:pages\", \"color\": \"white\", \"hoverEvent\": {\"action\": \"show_item\", \"contents\": {\"id\": \"minecraft:oak_log\"}}}, {\"text\": \"\\uef03\\uff28\\uef03\", \"font\": \"simpledrawer:pages\", \"color\": \"white\", \"hoverEvent\": {\"action\": \"show_item\", \"contents\": {\"id\": \"minecraft:oak_log\"}}}, \"\\n\", {\"text\": \"\\uef00\\uef00\", \"font\": \"simpledrawer:pages\", \"color\": \"white\"}, {\"text\": \"\\uef01\", \"font\": \"simpledrawer:pages\", \"color\": \"white\", \"hoverEvent\": {\"action\": \"show_item\", \"contents\": {\"id\": \"minecraft:oak_log\"}}}, {\"text\": \"\\uef01\", \"font\": \"simpledrawer:pages\", \"color\": \"white\", \"hoverEvent\": {\"action\": \"show_item\", \"contents\": {\"id\": \"minecraft:oak_log\"}}}, {\"text\": \"\\uef01\", \"font\": \"simpledrawer:pages\", \"color\": \"white\", \"hoverEvent\": {\"action\": \"show_item\", \"contents\": {\"id\": \"minecraft:oak_log\"}}}, {\"text\": \"\\uef00\\uef00\\uef00\\uef00\", \"font\": \"simpledrawer:pages\", \"color\": \"white\"}, {\"text\": \"\\uef02\\uef02\", \"font\": \"simpledrawer:pages\", \"color\": \"white\", \"hoverEvent\": {\"action\": \"show_item\", \"contents\": {\"id\": \"minecraft:furnace\", \"components\": {\"minecraft:item_name\": \"{\\\"translate\\\": \\\"block.smithed.crafter\\\"}\"}}}, \"clickEvent\": {\"action\": \"change_page\", \"value\": \"2\"}}, \"\\n\", {\"text\": \"\\uef00\\uef00\", \"font\": \"simpledrawer:pages\", \"color\": \"white\"}, {\"text\": \"\\uef03\\uff29\\uef03\", \"font\": \"simpledrawer:pages\", \"color\": \"white\", \"hoverEvent\": {\"action\": \"show_item\", \"contents\": {\"id\": \"minecraft:oak_log\"}}}, {\"text\": \"\\uef03\\uff26\\uef03\", \"font\": \"simpledrawer:pages\", \"color\": \"white\", \"hoverEvent\": {\"action\": \"show_item\", \"contents\": {\"id\": \"minecraft:crafting_table\"}}}, {\"text\": \"\\uef03\\uff29\\uef03\", \"font\": \"simpledrawer:pages\", \"color\": \"white\", \"hoverEvent\": {\"action\": \"show_item\", \"contents\": {\"id\": \"minecraft:oak_log\"}}}, {\"text\": \"\\uef00\\uef00\\uef00\\uef00\", \"font\": \"simpledrawer:pages\", \"color\": \"white\"}, {\"text\": \"\\uef00\\uef00\\uef03\\uff37\\uef00\\uef00\\uef03\\uef00\", \"font\": \"simpledrawer:pages\", \"color\": \"white\", \"hoverEvent\": {\"action\": \"show_item\", \"contents\": {\"id\": \"minecraft:furnace\", \"components\": {\"minecraft:item_name\": \"{\\\"translate\\\": \\\"block.smithed.crafter\\\"}\"}}}, \"clickEvent\": {\"action\": \"change_page\", \"value\": \"2\"}}, \"\\n\", {\"text\": \"\\uef00\\uef00\", \"font\": \"simpledrawer:pages\", \"color\": \"white\"}, {\"text\": \"\\uef01\", \"font\": \"simpledrawer:pages\", \"color\": \"white\", \"hoverEvent\": {\"action\": \"show_item\", \"contents\": {\"id\": \"minecraft:oak_log\"}}}, {\"text\": \"\\uef01\", \"font\": \"simpledrawer:pages\", \"color\": \"white\", \"hoverEvent\": {\"action\": \"show_item\", \"contents\": {\"id\": \"minecraft:crafting_table\"}}}, {\"text\": \"\\uef01\", \"font\": \"simpledrawer:pages\", \"color\": \"white\", \"hoverEvent\": {\"action\": \"show_item\", \"contents\": {\"id\": \"minecraft:oak_log\"}}}, {\"text\": \"\\uef00\\uef00\\uef00\\uef00\", \"font\": \"simpledrawer:pages\", \"color\": \"white\"}, {\"text\": \"\\uef02\\uef02\", \"font\": \"simpledrawer:pages\", \"color\": \"white\", \"hoverEvent\": {\"action\": \"show_item\", \"contents\": {\"id\": \"minecraft:furnace\", \"components\": {\"minecraft:item_name\": \"{\\\"translate\\\": \\\"block.smithed.crafter\\\"}\"}}}, \"clickEvent\": {\"action\": \"change_page\", \"value\": \"2\"}}, \"\\n\", {\"text\": \"\\uef00\\uef00\", \"font\": \"simpledrawer:pages\", \"color\": \"white\"}, {\"text\": \"\\uef03\\uff36\\uef03\", \"font\": \"simpledrawer:pages\", \"color\": \"white\", \"hoverEvent\": {\"action\": \"show_item\", \"contents\": {\"id\": \"minecraft:smooth_stone\"}}}, {\"text\": \"\\uef03\\uff36\\uef03\", \"font\": \"simpledrawer:pages\", \"color\": \"white\", \"hoverEvent\": {\"action\": \"show_item\", \"contents\": {\"id\": \"minecraft:smooth_stone\"}}}, {\"text\": \"\\uef03\\uff36\\uef03\", \"font\": \"simpledrawer:pages\", \"color\": \"white\", \"hoverEvent\": {\"action\": \"show_item\", \"contents\": {\"id\": \"minecraft:smooth_stone\"}}}, {\"text\": \"\\uef00\\uef00\\uef00\\uef00\", \"font\": \"simpledrawer:pages\", \"color\": \"white\"}, {\"text\": \"\\uef02\\uef02\", \"font\": \"simpledrawer:pages\", \"color\": \"white\", \"hoverEvent\": {\"action\": \"show_item\", \"contents\": {\"id\": \"minecraft:furnace\", \"components\": {\"minecraft:item_name\": \"{\\\"translate\\\": \\\"block.smithed.crafter\\\"}\"}}}, \"clickEvent\": {\"action\": \"change_page\", \"value\": \"2\"}}, \"\\n\", {\"text\": \"\\uef00\\uef00\", \"font\": \"simpledrawer:pages\", \"color\": \"white\"}, {\"text\": \"\\uef01\", \"font\": \"simpledrawer:pages\", \"color\": \"white\", \"hoverEvent\": {\"action\": \"show_item\", \"contents\": {\"id\": \"minecraft:smooth_stone\"}}}, {\"text\": \"\\uef01\", \"font\": \"simpledrawer:pages\", \"color\": \"white\", \"hoverEvent\": {\"action\": \"show_item\", \"contents\": {\"id\": \"minecraft:smooth_stone\"}}}, {\"text\": \"\\uef01\", \"font\": \"simpledrawer:pages\", \"color\": \"white\", \"hoverEvent\": {\"action\": \"show_item\", \"contents\": {\"id\": \"minecraft:smooth_stone\"}}}, \"\\n\", \"\\n\", {\"translate\": \"simpledrawer.guide.heavy_workbench\", \"color\": \"black\", \"italic\": false}]",
          "[\"\", {\"translate\": \"simpledrawer.new_drawer\", \"font\": \"simpledrawer:medium\", \"color\": \"black\"}, {\"text\": \"\\n\\uef13 \\uef14\\n\", \"font\": \"simpledrawer:pages\", \"color\": \"white\"}, \"\\n\", {\"text\": \"\\uef00\\uef00\", \"font\": \"simpledrawer:pages\", \"color\": \"white\"}, {\"text\": \"\\uef03\\uff0d\\uef03\", \"font\": \"simpledrawer:pages\", \"color\": \"white\", \"hoverEvent\": {\"action\": \"show_item\", \"contents\": {\"id\": \"minecraft:oak_planks\"}}}, {\"text\": \"\\uef03\\uff07\\uef03\", \"font\": \"simpledrawer:pages\", \"color\": \"white\", \"hoverEvent\": {\"action\": \"show_item\", \"contents\": {\"id\": \"minecraft:stick\"}}}, {\"text\": \"\\uef03\\uff0d\\uef03\", \"font\": \"simpledrawer:pages\", \"color\": \"white\", \"hoverEvent\": {\"action\": \"show_item\", \"contents\": {\"id\": \"minecraft:oak_planks\"}}}, \"\\n\", {\"text\": \"\\uef00\\uef00\", \"font\": \"simpledrawer:pages\", \"color\": \"white\"}, {\"text\": \"\\uef01\", \"font\": \"simpledrawer:pages\", \"color\": \"white\", \"hoverEvent\": {\"action\": \"show_item\", \"contents\": {\"id\": \"minecraft:oak_planks\"}}}, {\"text\": \"\\uef01\", \"font\": \"simpledrawer:pages\", \"color\": \"white\", \"hoverEvent\": {\"action\": \"show_item\", \"contents\": {\"id\": \"minecraft:stick\"}}}, {\"text\": \"\\uef01\", \"font\": \"simpledrawer:pages\", \"color\": \"white\", \"hoverEvent\": {\"action\": \"show_item\", \"contents\": {\"id\": \"minecraft:oak_planks\"}}}, {\"text\": \"\\uef00\\uef00\\uef00\\uef00\", \"font\": \"simpledrawer:pages\", \"color\": \"white\"}, {\"text\": \"\\uef02\\uef02\", \"font\": \"simpledrawer:pages\", \"color\": \"white\", \"hoverEvent\": {\"action\": \"show_item\", \"contents\": {\"id\": \"minecraft:furnace\", \"components\": {\"minecraft:item_name\": \"{\\\"translate\\\": \\\"simpledrawer.new_drawer\\\"}\"}}}, \"clickEvent\": {\"action\": \"change_page\", \"value\": \"3\"}}, \"\\n\", {\"text\": \"\\uef00\\uef00\", \"font\": \"simpledrawer:pages\", \"color\": \"white\"}, {\"text\": \"\\uef03\\uff08\\uef03\", \"font\": \"simpledrawer:pages\", \"color\": \"white\", \"hoverEvent\": {\"action\": \"show_item\", \"contents\": {\"id\": \"minecraft:stick\"}}}, {\"text\": \"\\uef03\\uff11\\uef03\", \"font\": \"simpledrawer:pages\", \"color\": \"white\", \"hoverEvent\": {\"action\": \"show_item\", \"contents\": {\"id\": \"minecraft:iron_nugget\"}}}, {\"text\": \"\\uef03\\uff08\\uef03\", \"font\": \"simpledrawer:pages\", \"color\": \"white\", \"hoverEvent\": {\"action\": \"show_item\", \"contents\": {\"id\": \"minecraft:stick\"}}}, {\"text\": \"\\uef00\\uef00\\uef00\\uef00\", \"font\": \"simpledrawer:pages\", \"color\": \"white\"}, {\"text\": \"\\uef00\\uef00\\uef03\\uff3a\\uef00\\uef00\\uef03\\uef00\", \"font\": \"simpledrawer:pages\", \"color\": \"white\", \"hoverEvent\": {\"action\": \"show_item\", \"contents\": {\"id\": \"minecraft:furnace\", \"components\": {\"minecraft:item_name\": \"{\\\"translate\\\": \\\"simpledrawer.new_drawer\\\"}\"}}}, \"clickEvent\": {\"action\": \"change_page\", \"value\": \"3\"}}, \"\\n\", {\"text\": \"\\uef00\\uef00\", \"font\": \"simpledrawer:pages\", \"color\": \"white\"}, {\"text\": \"\\uef01\", \"font\": \"simpledrawer:pages\", \"color\": \"white\", \"hoverEvent\": {\"action\": \"show_item\", \"contents\": {\"id\": \"minecraft:stick\"}}}, {\"text\": \"\\uef01\", \"font\": \"simpledrawer:pages\", \"color\": \"white\", \"hoverEvent\": {\"action\": \"show_item\", \"contents\": {\"id\": \"minecraft:iron_nugget\"}}}, {\"text\": \"\\uef01\", \"font\": \"simpledrawer:pages\", \"color\": \"white\", \"hoverEvent\": {\"action\": \"show_item\", \"contents\": {\"id\": \"minecraft:stick\"}}}, {\"text\": \"\\uef00\\uef00\\uef00\\uef00\", \"font\": \"simpledrawer:pages\", \"color\": \"white\"}, {\"text\": \"\\uef02\\uef02\", \"font\": \"simpledrawer:pages\", \"color\": \"white\", \"hoverEvent\": {\"action\": \"show_item\", \"contents\": {\"id\": \"minecraft:furnace\", \"components\": {\"minecraft:item_name\": \"{\\\"translate\\\": \\\"simpledrawer.new_drawer\\\"}\"}}}, \"clickEvent\": {\"action\": \"change_page\", \"value\": \"3\"}}, \"\\n\", {\"text\": \"\\uef00\\uef00\", \"font\": \"simpledrawer:pages\", \"color\": \"white\"}, {\"text\": \"\\uef03\\uff0f\\uef03\", \"font\": \"simpledrawer:pages\", \"color\": \"white\", \"hoverEvent\": {\"action\": \"show_item\", \"contents\": {\"id\": \"minecraft:oak_planks\"}}}, {\"text\": \"\\uef03\\uff0c\\uef03\", \"font\": \"simpledrawer:pages\", \"color\": \"white\", \"hoverEvent\": {\"action\": \"show_item\", \"contents\": {\"id\": \"minecraft:barrel\"}}}, {\"text\": \"\\uef03\\uff0f\\uef03\", \"font\": \"simpledrawer:pages\", \"color\": \"white\", \"hoverEvent\": {\"action\": \"show_item\", \"contents\": {\"id\": \"minecraft:oak_planks\"}}}, {\"text\": \"\\uef00\\uef00\\uef00\\uef00\", \"font\": \"simpledrawer:pages\", \"color\": \"white\"}, {\"text\": \"\\uef02\\uef02\", \"font\": \"simpledrawer:pages\", \"color\": \"white\", \"hoverEvent\": {\"action\": \"show_item\", \"contents\": {\"id\": \"minecraft:furnace\", \"components\": {\"minecraft:item_name\": \"{\\\"translate\\\": \\\"simpledrawer.new_drawer\\\"}\"}}}, \"clickEvent\": {\"action\": \"change_page\", \"value\": \"3\"}}, \"\\n\", {\"text\": \"\\uef00\\uef00\", \"font\": \"simpledrawer:pages\", \"color\": \"white\"}, {\"text\": \"\\uef01\", \"font\": \"simpledrawer:pages\", \"color\": \"white\", \"hoverEvent\": {\"action\": \"show_item\", \"contents\": {\"id\": \"minecraft:oak_planks\"}}}, {\"text\": \"\\uef01\", \"font\": \"simpledrawer:pages\", \"color\": \"white\", \"hoverEvent\": {\"action\": \"show_item\", \"contents\": {\"id\": \"minecraft:barrel\"}}}, {\"text\": \"\\uef01\", \"font\": \"simpledrawer:pages\", \"color\": \"white\", \"hoverEvent\": {\"action\": \"show_item\", \"contents\": {\"id\": \"minecraft:oak_planks\"}}}, \"\\n\", \"\\n\", {\"translate\": \"simpledrawer.guide.new_drawer\", \"color\": \"black\", \"italic\": false}]",
          "[\"\", {\"translate\": \"simpledrawer.guide.drawers.inserting_title\", \"color\": \"black\", \"font\": \"simpledrawer:medium\"}, {\"translate\": \"simpledrawer.guide.drawers.inserting\", \"color\": \"black\"}]",
          "[\"\", {\"translate\": \"simpledrawer.guide.drawers.extracting_title\", \"color\": \"black\", \"font\": \"simpledrawer:medium\"}, {\"translate\": \"simpledrawer.guide.drawers.extracting\", \"color\": \"black\"}]",
          "[\"\", {\"translate\": \"simpledrawer.double_new_drawer\", \"font\": \"simpledrawer:medium\", \"color\": \"black\"}, {\"text\": \"\\n\\uef13 \\uef14\\n\", \"font\": \"simpledrawer:pages\", \"color\": \"white\"}, \"\\n\", {\"text\": \"\\uef00\\uef00\", \"font\": \"simpledrawer:pages\", \"color\": \"white\"}, {\"text\": \"\\uef03\\uff0d\\uef03\", \"font\": \"simpledrawer:pages\", \"color\": \"white\", \"hoverEvent\": {\"action\": \"show_item\", \"contents\": {\"id\": \"minecraft:oak_planks\"}}}, {\"text\": \"\\uef03\\uff0a\\uef03\", \"font\": \"simpledrawer:pages\", \"color\": \"white\", \"hoverEvent\": {\"action\": \"show_item\", \"contents\": {\"id\": \"minecraft:barrel\"}}}, {\"text\": \"\\uef03\\uff0d\\uef03\", \"font\": \"simpledrawer:pages\", \"color\": \"white\", \"hoverEvent\": {\"action\": \"show_item\", \"contents\": {\"id\": \"minecraft:oak_planks\"}}}, \"\\n\", {\"text\": \"\\uef00\\uef00\", \"font\": \"simpledrawer:pages\", \"color\": \"white\"}, {\"text\": \"\\uef01\", \"font\": \"simpledrawer:pages\", \"color\": \"white\", \"hoverEvent\": {\"action\": \"show_item\", \"contents\": {\"id\": \"minecraft:oak_planks\"}}}, {\"text\": \"\\uef01\", \"font\": \"simpledrawer:pages\", \"color\": \"white\", \"hoverEvent\": {\"action\": \"show_item\", \"contents\": {\"id\": \"minecraft:barrel\"}}}, {\"text\": \"\\uef01\", \"font\": \"simpledrawer:pages\", \"color\": \"white\", \"hoverEvent\": {\"action\": \"show_item\", \"contents\": {\"id\": \"minecraft:oak_planks\"}}}, {\"text\": \"\\uef00\\uef00\\uef00\\uef00\", \"font\": \"simpledrawer:pages\", \"color\": \"white\"}, {\"text\": \"\\uef02\\uef02\", \"font\": \"simpledrawer:pages\", \"color\": \"white\", \"hoverEvent\": {\"action\": \"show_item\", \"contents\": {\"id\": \"minecraft:furnace\", \"components\": {\"minecraft:item_name\": \"{\\\"translate\\\": \\\"simpledrawer.double_new_drawer.empty\\\"}\"}}}, \"clickEvent\": {\"action\": \"change_page\", \"value\": \"6\"}}, \"\\n\", {\"text\": \"\\uef00\\uef00\", \"font\": \"simpledrawer:pages\", \"color\": \"white\"}, {\"text\": \"\\uef03\\uff08\\uef03\", \"font\": \"simpledrawer:pages\", \"color\": \"white\", \"hoverEvent\": {\"action\": \"show_item\", \"contents\": {\"id\": \"minecraft:stick\"}}}, {\"text\": \"\\uef03\\uff11\\uef03\", \"font\": \"simpledrawer:pages\", \"color\": \"white\", \"hoverEvent\": {\"action\": \"show_item\", \"contents\": {\"id\": \"minecraft:iron_nugget\"}}}, {\"text\": \"\\uef03\\uff08\\uef03\", \"font\": \"simpledrawer:pages\", \"color\": \"white\", \"hoverEvent\": {\"action\": \"show_item\", \"contents\": {\"id\": \"minecraft:stick\"}}}, {\"text\": \"\\uef00\\uef00\\uef00\\uef00\", \"font\": \"simpledrawer:pages\", \"color\": \"white\"}, {\"text\": \"\\uef00\\uef00\\uef03\\uff3d\\uef00\\uef00\\uef03\\uef00\", \"font\": \"simpledrawer:pages\", \"color\": \"white\", \"hoverEvent\": {\"action\": \"show_item\", \"contents\": {\"id\": \"minecraft:furnace\", \"components\": {\"minecraft:item_name\": \"{\\\"translate\\\": \\\"simpledrawer.double_new_drawer.empty\\\"}\"}}}, \"clickEvent\": {\"action\": \"change_page\", \"value\": \"6\"}}, \"\\n\", {\"text\": \"\\uef00\\uef00\", \"font\": \"simpledrawer:pages\", \"color\": \"white\"}, {\"text\": \"\\uef01\", \"font\": \"simpledrawer:pages\", \"color\": \"white\", \"hoverEvent\": {\"action\": \"show_item\", \"contents\": {\"id\": \"minecraft:stick\"}}}, {\"text\": \"\\uef01\", \"font\": \"simpledrawer:pages\", \"color\": \"white\", \"hoverEvent\": {\"action\": \"show_item\", \"contents\": {\"id\": \"minecraft:iron_nugget\"}}}, {\"text\": \"\\uef01\", \"font\": \"simpledrawer:pages\", \"color\": \"white\", \"hoverEvent\": {\"action\": \"show_item\", \"contents\": {\"id\": \"minecraft:stick\"}}}, {\"text\": \"\\uef00\\uef00\\uef00\\uef00\", \"font\": \"simpledrawer:pages\", \"color\": \"white\"}, {\"text\": \"\\uef02\\uef02\", \"font\": \"simpledrawer:pages\", \"color\": \"white\", \"hoverEvent\": {\"action\": \"show_item\", \"contents\": {\"id\": \"minecraft:furnace\", \"components\": {\"minecraft:item_name\": \"{\\\"translate\\\": \\\"simpledrawer.double_new_drawer.empty\\\"}\"}}}, \"clickEvent\": {\"action\": \"change_page\", \"value\": \"6\"}}, \"\\n\", {\"text\": \"\\uef00\\uef00\", \"font\": \"simpledrawer:pages\", \"color\": \"white\"}, {\"text\": \"\\uef03\\uff0f\\uef03\", \"font\": \"simpledrawer:pages\", \"color\": \"white\", \"hoverEvent\": {\"action\": \"show_item\", \"contents\": {\"id\": \"minecraft:oak_planks\"}}}, {\"text\": \"\\uef03\\uff0c\\uef03\", \"font\": \"simpledrawer:pages\", \"color\": \"white\", \"hoverEvent\": {\"action\": \"show_item\", \"contents\": {\"id\": \"minecraft:barrel\"}}}, {\"text\": \"\\uef03\\uff0f\\uef03\", \"font\": \"simpledrawer:pages\", \"color\": \"white\", \"hoverEvent\": {\"action\": \"show_item\", \"contents\": {\"id\": \"minecraft:oak_planks\"}}}, {\"text\": \"\\uef00\\uef00\\uef00\\uef00\", \"font\": \"simpledrawer:pages\", \"color\": \"white\"}, {\"text\": \"\\uef02\\uef02\", \"font\": \"simpledrawer:pages\", \"color\": \"white\", \"hoverEvent\": {\"action\": \"show_item\", \"contents\": {\"id\": \"minecraft:furnace\", \"components\": {\"minecraft:item_name\": \"{\\\"translate\\\": \\\"simpledrawer.double_new_drawer.empty\\\"}\"}}}, \"clickEvent\": {\"action\": \"change_page\", \"value\": \"6\"}}, \"\\n\", {\"text\": \"\\uef00\\uef00\", \"font\": \"simpledrawer:pages\", \"color\": \"white\"}, {\"text\": \"\\uef01\", \"font\": \"simpledrawer:pages\", \"color\": \"white\", \"hoverEvent\": {\"action\": \"show_item\", \"contents\": {\"id\": \"minecraft:oak_planks\"}}}, {\"text\": \"\\uef01\", \"font\": \"simpledrawer:pages\", \"color\": \"white\", \"hoverEvent\": {\"action\": \"show_item\", \"contents\": {\"id\": \"minecraft:barrel\"}}}, {\"text\": \"\\uef01\", \"font\": \"simpledrawer:pages\", \"color\": \"white\", \"hoverEvent\": {\"action\": \"show_item\", \"contents\": {\"id\": \"minecraft:oak_planks\"}}}, \"\\n\", \"\\n\", {\"translate\": \"simpledrawer.guide.double_new_drawer\", \"color\": \"black\", \"italic\": false}]",
          "[\"\", {\"translate\": \"simpledrawer.quadruple_new_drawer\", \"font\": \"simpledrawer:medium\", \"color\": \"black\"}, {\"text\": \"\\n\\uef13 \\uef14\\n\", \"font\": \"simpledrawer:pages\", \"color\": \"white\"}, \"\\n\", {\"text\": \"\\uef00\\uef00\", \"font\": \"simpledrawer:pages\", \"color\": \"white\"}, {\"text\": \"\\uef03\\uff0d\\uef03\", \"font\": \"simpledrawer:pages\", \"color\": \"white\", \"hoverEvent\": {\"action\": \"show_item\", \"contents\": {\"id\": \"minecraft:oak_planks\"}}}, {\"text\": \"\\uef03\\uff0a\\uef03\", \"font\": \"simpledrawer:pages\", \"color\": \"white\", \"hoverEvent\": {\"action\": \"show_item\", \"contents\": {\"id\": \"minecraft:barrel\"}}}, {\"text\": \"\\uef03\\uff0d\\uef03\", \"font\": \"simpledrawer:pages\", \"color\": \"white\", \"hoverEvent\": {\"action\": \"show_item\", \"contents\": {\"id\": \"minecraft:oak_planks\"}}}, \"\\n\", {\"text\": \"\\uef00\\uef00\", \"font\": \"simpledrawer:pages\", \"color\": \"white\"}, {\"text\": \"\\uef01\", \"font\": \"simpledrawer:pages\", \"color\": \"white\", \"hoverEvent\": {\"action\": \"show_item\", \"contents\": {\"id\": \"minecraft:oak_planks\"}}}, {\"text\": \"\\uef01\", \"font\": \"simpledrawer:pages\", \"color\": \"white\", \"hoverEvent\": {\"action\": \"show_item\", \"contents\": {\"id\": \"minecraft:barrel\"}}}, {\"text\": \"\\uef01\", \"font\": \"simpledrawer:pages\", \"color\": \"white\", \"hoverEvent\": {\"action\": \"show_item\", \"contents\": {\"id\": \"minecraft:oak_planks\"}}}, {\"text\": \"\\uef00\\uef00\\uef00\\uef00\", \"font\": \"simpledrawer:pages\", \"color\": \"white\"}, {\"text\": \"\\uef02\\uef02\", \"font\": \"simpledrawer:pages\", \"color\": \"white\", \"hoverEvent\": {\"action\": \"show_item\", \"contents\": {\"id\": \"minecraft:furnace\", \"components\": {\"minecraft:item_name\": \"{\\\"translate\\\": \\\"simpledrawer.quadruple_new_drawer.empty\\\"}\"}}}, \"clickEvent\": {\"action\": \"change_page\", \"value\": \"7\"}}, \"\\n\", {\"text\": \"\\uef00\\uef00\", \"font\": \"simpledrawer:pages\", \"color\": \"white\"}, {\"text\": \"\\uef03\\uff0b\\uef03\", \"font\": \"simpledrawer:pages\", \"color\": \"white\", \"hoverEvent\": {\"action\": \"show_item\", \"contents\": {\"id\": \"minecraft:barrel\"}}}, {\"text\": \"\\uef03\\uff11\\uef03\", \"font\": \"simpledrawer:pages\", \"color\": \"white\", \"hoverEvent\": {\"action\": \"show_item\", \"contents\": {\"id\": \"minecraft:iron_nugget\"}}}, {\"text\": \"\\uef03\\uff0b\\uef03\", \"font\": \"simpledrawer:pages\", \"color\": \"white\", \"hoverEvent\": {\"action\": \"show_item\", \"contents\": {\"id\": \"minecraft:barrel\"}}}, {\"text\": \"\\uef00\\uef00\\uef00\\uef00\", \"font\": \"simpledrawer:pages\", \"color\": \"white\"}, {\"text\": \"\\uef00\\uef00\\uef03\\uff40\\uef00\\uef00\\uef03\\uef00\", \"font\": \"simpledrawer:pages\", \"color\": \"white\", \"hoverEvent\": {\"action\": \"show_item\", \"contents\": {\"id\": \"minecraft:furnace\", \"components\": {\"minecraft:item_name\": \"{\\\"translate\\\": \\\"simpledrawer.quadruple_new_drawer.empty\\\"}\"}}}, \"clickEvent\": {\"action\": \"change_page\", \"value\": \"7\"}}, \"\\n\", {\"text\": \"\\uef00\\uef00\", \"font\": \"simpledrawer:pages\", \"color\": \"white\"}, {\"text\": \"\\uef01\", \"font\": \"simpledrawer:pages\", \"color\": \"white\", \"hoverEvent\": {\"action\": \"show_item\", \"contents\": {\"id\": \"minecraft:barrel\"}}}, {\"text\": \"\\uef01\", \"font\": \"simpledrawer:pages\", \"color\": \"white\", \"hoverEvent\": {\"action\": \"show_item\", \"contents\": {\"id\": \"minecraft:iron_nugget\"}}}, {\"text\": \"\\uef01\", \"font\": \"simpledrawer:pages\", \"color\": \"white\", \"hoverEvent\": {\"action\": \"show_item\", \"contents\": {\"id\": \"minecraft:barrel\"}}}, {\"text\": \"\\uef00\\uef00\\uef00\\uef00\", \"font\": \"simpledrawer:pages\", \"color\": \"white\"}, {\"text\": \"\\uef02\\uef02\", \"font\": \"simpledrawer:pages\", \"color\": \"white\", \"hoverEvent\": {\"action\": \"show_item\", \"contents\": {\"id\": \"minecraft:furnace\", \"components\": {\"minecraft:item_name\": \"{\\\"translate\\\": \\\"simpledrawer.quadruple_new_drawer.empty\\\"}\"}}}, \"clickEvent\": {\"action\": \"change_page\", \"value\": \"7\"}}, \"\\n\", {\"text\": \"\\uef00\\uef00\", \"font\": \"simpledrawer:pages\", \"color\": \"white\"}, {\"text\": \"\\uef03\\uff0f\\uef03\", \"font\": \"simpledrawer:pages\", \"color\": \"white\", \"hoverEvent\": {\"action\": \"show_item\", \"contents\": {\"id\": \"minecraft:oak_planks\"}}}, {\"text\": \"\\uef03\\uff0c\\uef03\", \"font\": \"simpledrawer:pages\", \"color\": \"white\", \"hoverEvent\": {\"action\": \"show_item\", \"contents\": {\"id\": \"minecraft:barrel\"}}}, {\"text\": \"\\uef03\\uff0f\\uef03\", \"font\": \"simpledrawer:pages\", \"color\": \"white\", \"hoverEvent\": {\"action\": \"show_item\", \"contents\": {\"id\": \"minecraft:oak_planks\"}}}, {\"text\": \"\\uef00\\uef00\\uef00\\uef00\", \"font\": \"simpledrawer:pages\", \"color\": \"white\"}, {\"text\": \"\\uef02\\uef02\", \"font\": \"simpledrawer:pages\", \"color\": \"white\", \"hoverEvent\": {\"action\": \"show_item\", \"contents\": {\"id\": \"minecraft:furnace\", \"components\": {\"minecraft:item_name\": \"{\\\"translate\\\": \\\"simpledrawer.quadruple_new_drawer.empty\\\"}\"}}}, \"clickEvent\": {\"action\": \"change_page\", \"value\": \"7\"}}, \"\\n\", {\"text\": \"\\uef00\\uef00\", \"font\": \"simpledrawer:pages\", \"color\": \"white\"}, {\"text\": \"\\uef01\", \"font\": \"simpledrawer:pages\", \"color\": \"white\", \"hoverEvent\": {\"action\": \"show_item\", \"contents\": {\"id\": \"minecraft:oak_planks\"}}}, {\"text\": \"\\uef01\", \"font\": \"simpledrawer:pages\", \"color\": \"white\", \"hoverEvent\": {\"action\": \"show_item\", \"contents\": {\"id\": \"minecraft:barrel\"}}}, {\"text\": \"\\uef01\", \"font\": \"simpledrawer:pages\", \"color\": \"white\", \"hoverEvent\": {\"action\": \"show_item\", \"contents\": {\"id\": \"minecraft:oak_planks\"}}}, \"\\n\", \"\\n\", {\"translate\": \"simpledrawer.guide.quadruple_new_drawer\", \"color\": \"black\", \"italic\": false}]",
          "[\"\", {\"translate\": \"simpledrawer.compacting_new_drawer\", \"font\": \"simpledrawer:medium\", \"color\": \"black\"}, {\"text\": \"\\n\\uef13 \\uef14\\n\", \"font\": \"simpledrawer:pages\", \"color\": \"white\"}, \"\\n\", {\"text\": \"\\uef00\\uef00\", \"font\": \"simpledrawer:pages\", \"color\": \"white\"}, {\"text\": \"\\uef03\\uff34\\uef03\", \"font\": \"simpledrawer:pages\", \"color\": \"white\", \"hoverEvent\": {\"action\": \"show_item\", \"contents\": {\"id\": \"minecraft:smooth_stone\"}}}, {\"text\": \"\\uef03\\uff25\\uef03\", \"font\": \"simpledrawer:pages\", \"color\": \"white\", \"hoverEvent\": {\"action\": \"show_item\", \"contents\": {\"id\": \"minecraft:crafting_table\"}}}, {\"text\": \"\\uef03\\uff34\\uef03\", \"font\": \"simpledrawer:pages\", \"color\": \"white\", \"hoverEvent\": {\"action\": \"show_item\", \"contents\": {\"id\": \"minecraft:smooth_stone\"}}}, \"\\n\", {\"text\": \"\\uef00\\uef00\", \"font\": \"simpledrawer:pages\", \"color\": \"white\"}, {\"text\": \"\\uef01\", \"font\": \"simpledrawer:pages\", \"color\": \"white\", \"hoverEvent\": {\"action\": \"show_item\", \"contents\": {\"id\": \"minecraft:smooth_stone\"}}}, {\"text\": \"\\uef01\", \"font\": \"simpledrawer:pages\", \"color\": \"white\", \"hoverEvent\": {\"action\": \"show_item\", \"contents\": {\"id\": \"minecraft:crafting_table\"}}}, {\"text\": \"\\uef01\", \"font\": \"simpledrawer:pages\", \"color\": \"white\", \"hoverEvent\": {\"action\": \"show_item\", \"contents\": {\"id\": \"minecraft:smooth_stone\"}}}, {\"text\": \"\\uef00\\uef00\\uef00\\uef00\", \"font\": \"simpledrawer:pages\", \"color\": \"white\"}, {\"text\": \"\\uef02\\uef02\", \"font\": \"simpledrawer:pages\", \"color\": \"white\", \"hoverEvent\": {\"action\": \"show_item\", \"contents\": {\"id\": \"minecraft:furnace\", \"components\": {\"minecraft:item_name\": \"{\\\"translate\\\": \\\"simpledrawer.compacting_new_drawer.empty\\\"}\"}}}, \"clickEvent\": {\"action\": \"change_page\", \"value\": \"8\"}}, \"\\n\", {\"text\": \"\\uef00\\uef00\", \"font\": \"simpledrawer:pages\", \"color\": \"white\"}, {\"text\": \"\\uef03\\uff32\\uef03\", \"font\": \"simpledrawer:pages\", \"color\": \"white\", \"hoverEvent\": {\"action\": \"show_item\", \"contents\": {\"id\": \"minecraft:piston\"}}}, {\"text\": \"\\uef03\\uff3b\\uef03\", \"font\": \"simpledrawer:pages\", \"color\": \"white\", \"hoverEvent\": {\"action\": \"show_item\", \"contents\": {\"id\": \"minecraft:furnace\", \"components\": {\"minecraft:item_name\": \"{\\\"translate\\\": \\\"simpledrawer.new_drawer\\\"}\"}}}, \"clickEvent\": {\"action\": \"change_page\", \"value\": \"3\"}}, {\"text\": \"\\uef03\\uff32\\uef03\", \"font\": \"simpledrawer:pages\", \"color\": \"white\", \"hoverEvent\": {\"action\": \"show_item\", \"contents\": {\"id\": \"minecraft:piston\"}}}, {\"text\": \"\\uef00\\uef00\\uef00\\uef00\", \"font\": \"simpledrawer:pages\", \"color\": \"white\"}, {\"text\": \"\\uef00\\uef00\\uef03\\uff43\\uef00\\uef00\\uef03\\uef00\", \"font\": \"simpledrawer:pages\", \"color\": \"white\", \"hoverEvent\": {\"action\": \"show_item\", \"contents\": {\"id\": \"minecraft:furnace\", \"components\": {\"minecraft:item_name\": \"{\\\"translate\\\": \\\"simpledrawer.compacting_new_drawer.empty\\\"}\"}}}, \"clickEvent\": {\"action\": \"change_page\", \"value\": \"8\"}}, \"\\n\", {\"text\": \"\\uef00\\uef00\", \"font\": \"simpledrawer:pages\", \"color\": \"white\"}, {\"text\": \"\\uef01\", \"font\": \"simpledrawer:pages\", \"color\": \"white\", \"hoverEvent\": {\"action\": \"show_item\", \"contents\": {\"id\": \"minecraft:piston\"}}}, {\"text\": \"\\uef01\", \"font\": \"simpledrawer:pages\", \"color\": \"white\", \"hoverEvent\": {\"action\": \"show_item\", \"contents\": {\"id\": \"minecraft:furnace\", \"components\": {\"minecraft:item_name\": \"{\\\"translate\\\": \\\"simpledrawer.new_drawer\\\"}\"}}}, \"clickEvent\": {\"action\": \"change_page\", \"value\": \"3\"}}, {\"text\": \"\\uef01\", \"font\": \"simpledrawer:pages\", \"color\": \"white\", \"hoverEvent\": {\"action\": \"show_item\", \"contents\": {\"id\": \"minecraft:piston\"}}}, {\"text\": \"\\uef00\\uef00\\uef00\\uef00\", \"font\": \"simpledrawer:pages\", \"color\": \"white\"}, {\"text\": \"\\uef02\\uef02\", \"font\": \"simpledrawer:pages\", \"color\": \"white\", \"hoverEvent\": {\"action\": \"show_item\", \"contents\": {\"id\": \"minecraft:furnace\", \"components\": {\"minecraft:item_name\": \"{\\\"translate\\\": \\\"simpledrawer.compacting_new_drawer.empty\\\"}\"}}}, \"clickEvent\": {\"action\": \"change_page\", \"value\": \"8\"}}, \"\\n\", {\"text\": \"\\uef00\\uef00\", \"font\": \"simpledrawer:pages\", \"color\": \"white\"}, {\"text\": \"\\uef03\\uff36\\uef03\", \"font\": \"simpledrawer:pages\", \"color\": \"white\", \"hoverEvent\": {\"action\": \"show_item\", \"contents\": {\"id\": \"minecraft:smooth_stone\"}}}, {\"text\": \"\\uef03\\uff15\\uef03\", \"font\": \"simpledrawer:pages\", \"color\": \"white\", \"hoverEvent\": {\"action\": \"show_item\", \"contents\": {\"id\": \"minecraft:iron_ingot\"}}}, {\"text\": \"\\uef03\\uff36\\uef03\", \"font\": \"simpledrawer:pages\", \"color\": \"white\", \"hoverEvent\": {\"action\": \"show_item\", \"contents\": {\"id\": \"minecraft:smooth_stone\"}}}, {\"text\": \"\\uef00\\uef00\\uef00\\uef00\", \"font\": \"simpledrawer:pages\", \"color\": \"white\"}, {\"text\": \"\\uef02\\uef02\", \"font\": \"simpledrawer:pages\", \"color\": \"white\", \"hoverEvent\": {\"action\": \"show_item\", \"contents\": {\"id\": \"minecraft:furnace\", \"components\": {\"minecraft:item_name\": \"{\\\"translate\\\": \\\"simpledrawer.compacting_new_drawer.empty\\\"}\"}}}, \"clickEvent\": {\"action\": \"change_page\", \"value\": \"8\"}}, \"\\n\", {\"text\": \"\\uef00\\uef00\", \"font\": \"simpledrawer:pages\", \"color\": \"white\"}, {\"text\": \"\\uef01\", \"font\": \"simpledrawer:pages\", \"color\": \"white\", \"hoverEvent\": {\"action\": \"show_item\", \"contents\": {\"id\": \"minecraft:smooth_stone\"}}}, {\"text\": \"\\uef01\", \"font\": \"simpledrawer:pages\", \"color\": \"white\", \"hoverEvent\": {\"action\": \"show_item\", \"contents\": {\"id\": \"minecraft:iron_ingot\"}}}, {\"text\": \"\\uef01\", \"font\": \"simpledrawer:pages\", \"color\": \"white\", \"hoverEvent\": {\"action\": \"show_item\", \"contents\": {\"id\": \"minecraft:smooth_stone\"}}}, \"\\n\", \"\\n\", {\"translate\": \"simpledrawer.guide.compacting_new_drawer\", \"color\": \"black\", \"italic\": false}]",
          "[\"\", {\"translate\": \"simpledrawer.upgrades\", \"font\": \"simpledrawer:big\", \"color\": \"black\"}, {\"text\": \"\\n\\n\\n\", \"font\": \"simpledrawer:big\", \"color\": \"black\"}, {\"translate\": \"simpledrawer.guide.upgrade\", \"color\": \"black\"}]",
          "[\"\", {\"translate\": \"simpledrawer.hopper_upgrade\", \"font\": \"simpledrawer:medium\", \"color\": \"black\"}, {\"text\": \"\\n\\uef13 \\uef14\\n\", \"font\": \"simpledrawer:pages\", \"color\": \"white\"}, \"\\n\", {\"text\": \"\\uef00\\uef00\", \"font\": \"simpledrawer:pages\", \"color\": \"white\"}, {\"text\": \"\\uef03\\uff07\\uef03\", \"font\": \"simpledrawer:pages\", \"color\": \"white\", \"hoverEvent\": {\"action\": \"show_item\", \"contents\": {\"id\": \"minecraft:stick\"}}}, {\"text\": \"\\uef03\\uff07\\uef03\", \"font\": \"simpledrawer:pages\", \"color\": \"white\", \"hoverEvent\": {\"action\": \"show_item\", \"contents\": {\"id\": \"minecraft:stick\"}}}, {\"text\": \"\\uef03\\uff07\\uef03\", \"font\": \"simpledrawer:pages\", \"color\": \"white\", \"hoverEvent\": {\"action\": \"show_item\", \"contents\": {\"id\": \"minecraft:stick\"}}}, \"\\n\", {\"text\": \"\\uef00\\uef00\", \"font\": \"simpledrawer:pages\", \"color\": \"white\"}, {\"text\": \"\\uef01\", \"font\": \"simpledrawer:pages\", \"color\": \"white\", \"hoverEvent\": {\"action\": \"show_item\", \"contents\": {\"id\": \"minecraft:stick\"}}}, {\"text\": \"\\uef01\", \"font\": \"simpledrawer:pages\", \"color\": \"white\", \"hoverEvent\": {\"action\": \"show_item\", \"contents\": {\"id\": \"minecraft:stick\"}}}, {\"text\": \"\\uef01\", \"font\": \"simpledrawer:pages\", \"color\": \"white\", \"hoverEvent\": {\"action\": \"show_item\", \"contents\": {\"id\": \"minecraft:stick\"}}}, {\"text\": \"\\uef00\\uef00\\uef00\\uef00\", \"font\": \"simpledrawer:pages\", \"color\": \"white\"}, {\"text\": \"\\uef02\\uef02\", \"font\": \"simpledrawer:pages\", \"color\": \"white\", \"hoverEvent\": {\"action\": \"show_item\", \"contents\": {\"id\": \"minecraft:jigsaw\", \"components\": {\"minecraft:item_name\": \"{\\\"translate\\\": \\\"simpledrawer.hopper_upgrade\\\", \\\"color\\\": \\\"white\\\"}\"}}}, \"clickEvent\": {\"action\": \"change_page\", \"value\": \"10\"}}, \"\\n\", {\"text\": \"\\uef00\\uef00\", \"font\": \"simpledrawer:pages\", \"color\": \"white\"}, {\"text\": \"\\uef03\\uff23\\uef03\", \"font\": \"simpledrawer:pages\", \"color\": \"white\", \"hoverEvent\": {\"action\": \"show_item\", \"contents\": {\"id\": \"minecraft:hopper\"}}}, {\"text\": \"\\uef03\\uff4a\\uef03\", \"font\": \"simpledrawer:pages\", \"color\": \"white\", \"hoverEvent\": {\"action\": \"show_item\", \"contents\": {\"id\": \"minecraft:jigsaw\", \"components\": {\"minecraft:item_name\": \"{\\\"translate\\\": \\\"simpledrawer.iron_upgrade\\\", \\\"color\\\": \\\"white\\\"}\"}}}, \"clickEvent\": {\"action\": \"change_page\", \"value\": \"11\"}}, {\"text\": \"\\uef03\\uff23\\uef03\", \"font\": \"simpledrawer:pages\", \"color\": \"white\", \"hoverEvent\": {\"action\": \"show_item\", \"contents\": {\"id\": \"minecraft:hopper\"}}}, {\"text\": \"\\uef00\\uef00\\uef00\\uef00\", \"font\": \"simpledrawer:pages\", \"color\": \"white\"}, {\"text\": \"\\uef00\\uef00\\uef03\\uff46\\uef00\\uef00\\uef03\\uef00\", \"font\": \"simpledrawer:pages\", \"color\": \"white\", \"hoverEvent\": {\"action\": \"show_item\", \"contents\": {\"id\": \"minecraft:jigsaw\", \"components\": {\"minecraft:item_name\": \"{\\\"translate\\\": \\\"simpledrawer.hopper_upgrade\\\", \\\"color\\\": \\\"white\\\"}\"}}}, \"clickEvent\": {\"action\": \"change_page\", \"value\": \"10\"}}, \"\\n\", {\"text\": \"\\uef00\\uef00\", \"font\": \"simpledrawer:pages\", \"color\": \"white\"}, {\"text\": \"\\uef01\", \"font\": \"simpledrawer:pages\", \"color\": \"white\", \"hoverEvent\": {\"action\": \"show_item\", \"contents\": {\"id\": \"minecraft:hopper\"}}}, {\"text\": \"\\uef01\", \"font\": \"simpledrawer:pages\", \"color\": \"white\", \"hoverEvent\": {\"action\": \"show_item\", \"contents\": {\"id\": \"minecraft:jigsaw\", \"components\": {\"minecraft:item_name\": \"{\\\"translate\\\": \\\"simpledrawer.iron_upgrade\\\", \\\"color\\\": \\\"white\\\"}\"}}}, \"clickEvent\": {\"action\": \"change_page\", \"value\": \"11\"}}, {\"text\": \"\\uef01\", \"font\": \"simpledrawer:pages\", \"color\": \"white\", \"hoverEvent\": {\"action\": \"show_item\", \"contents\": {\"id\": \"minecraft:hopper\"}}}, {\"text\": \"\\uef00\\uef00\\uef00\\uef00\", \"font\": \"simpledrawer:pages\", \"color\": \"white\"}, {\"text\": \"\\uef02\\uef02\", \"font\": \"simpledrawer:pages\", \"color\": \"white\", \"hoverEvent\": {\"action\": \"show_item\", \"contents\": {\"id\": \"minecraft:jigsaw\", \"components\": {\"minecraft:item_name\": \"{\\\"translate\\\": \\\"simpledrawer.hopper_upgrade\\\", \\\"color\\\": \\\"white\\\"}\"}}}, \"clickEvent\": {\"action\": \"change_page\", \"value\": \"10\"}}, \"\\n\", {\"text\": \"\\uef00\\uef00\", \"font\": \"simpledrawer:pages\", \"color\": \"white\"}, {\"text\": \"\\uef03\\uff21\\uef03\", \"font\": \"simpledrawer:pages\", \"color\": \"white\", \"hoverEvent\": {\"action\": \"show_item\", \"contents\": {\"id\": \"minecraft:redstone\"}}}, {\"text\": \"\\uef03\\uff06\\uef03\", \"font\": \"simpledrawer:pages\", \"color\": \"white\"}, {\"text\": \"\\uef03\\uff21\\uef03\", \"font\": \"simpledrawer:pages\", \"color\": \"white\", \"hoverEvent\": {\"action\": \"show_item\", \"contents\": {\"id\": \"minecraft:redstone\"}}}, {\"text\": \"\\uef00\\uef00\\uef00\\uef00\", \"font\": \"simpledrawer:pages\", \"color\": \"white\"}, {\"text\": \"\\uef02\\uef02\", \"font\": \"simpledrawer:pages\", \"color\": \"white\", \"hoverEvent\": {\"action\": \"show_item\", \"contents\": {\"id\": \"minecraft:jigsaw\", \"components\": {\"minecraft:item_name\": \"{\\\"translate\\\": \\\"simpledrawer.hopper_upgrade\\\", \\\"color\\\": \\\"white\\\"}\"}}}, \"clickEvent\": {\"action\": \"change_page\", \"value\": \"10\"}}, \"\\n\", {\"text\": \"\\uef00\\uef00\", \"font\": \"simpledrawer:pages\", \"color\": \"white\"}, {\"text\": \"\\uef01\", \"font\": \"simpledrawer:pages\", \"color\": \"white\", \"hoverEvent\": {\"action\": \"show_item\", \"contents\": {\"id\": \"minecraft:redstone\"}}}, {\"text\": \"\\uef01\", \"font\": \"simpledrawer:pages\", \"color\": \"white\"}, {\"text\": \"\\uef01\", \"font\": \"simpledrawer:pages\", \"color\": \"white\", \"hoverEvent\": {\"action\": \"show_item\", \"contents\": {\"id\": \"minecraft:redstone\"}}}, \"\\n\", \"\\n\", {\"translate\": \"simpledrawer.guide.hopper_upgrade\", \"color\": \"black\", \"italic\": false}]",
          "[\"\", {\"translate\": \"simpledrawer.iron_upgrade\", \"font\": \"simpledrawer:medium\", \"color\": \"black\"}, {\"text\": \"\\n\\uef13 \\uef14\\n\", \"font\": \"simpledrawer:pages\", \"color\": \"white\"}, \"\\n\", {\"text\": \"\\uef00\\uef00\", \"font\": \"simpledrawer:pages\", \"color\": \"white\"}, {\"text\": \"\\uef03\\uff07\\uef03\", \"font\": \"simpledrawer:pages\", \"color\": \"white\", \"hoverEvent\": {\"action\": \"show_item\", \"contents\": {\"id\": \"minecraft:stick\"}}}, {\"text\": \"\\uef03\\uff07\\uef03\", \"font\": \"simpledrawer:pages\", \"color\": \"white\", \"hoverEvent\": {\"action\": \"show_item\", \"contents\": {\"id\": \"minecraft:stick\"}}}, {\"text\": \"\\uef03\\uff07\\uef03\", \"font\": \"simpledrawer:pages\", \"color\": \"white\", \"hoverEvent\": {\"action\": \"show_item\", \"contents\": {\"id\": \"minecraft:stick\"}}}, \"\\n\", {\"text\": \"\\uef00\\uef00\", \"font\": \"simpledrawer:pages\", \"color\": \"white\"}, {\"text\": \"\\uef01\", \"font\": \"simpledrawer:pages\", \"color\": \"white\", \"hoverEvent\": {\"action\": \"show_item\", \"contents\": {\"id\": \"minecraft:stick\"}}}, {\"text\": \"\\uef01\", \"font\": \"simpledrawer:pages\", \"color\": \"white\", \"hoverEvent\": {\"action\": \"show_item\", \"contents\": {\"id\": \"minecraft:stick\"}}}, {\"text\": \"\\uef01\", \"font\": \"simpledrawer:pages\", \"color\": \"white\", \"hoverEvent\": {\"action\": \"show_item\", \"contents\": {\"id\": \"minecraft:stick\"}}}, {\"text\": \"\\uef00\\uef00\\uef00\\uef00\", \"font\": \"simpledrawer:pages\", \"color\": \"white\"}, {\"text\": \"\\uef02\\uef02\", \"font\": \"simpledrawer:pages\", \"color\": \"white\", \"hoverEvent\": {\"action\": \"show_item\", \"contents\": {\"id\": \"minecraft:jigsaw\", \"components\": {\"minecraft:item_name\": \"{\\\"translate\\\": \\\"simpledrawer.iron_upgrade\\\", \\\"color\\\": \\\"white\\\"}\"}}}, \"clickEvent\": {\"action\": \"change_page\", \"value\": \"11\"}}, \"\\n\", {\"text\": \"\\uef00\\uef00\", \"font\": \"simpledrawer:pages\", \"color\": \"white\"}, {\"text\": \"\\uef03\\uff14\\uef03\", \"font\": \"simpledrawer:pages\", \"color\": \"white\", \"hoverEvent\": {\"action\": \"show_item\", \"contents\": {\"id\": \"minecraft:iron_ingot\"}}}, {\"text\": \"\\uef03\\uff0e\\uef03\", \"font\": \"simpledrawer:pages\", \"color\": \"white\", \"hoverEvent\": {\"action\": \"show_item\", \"contents\": {\"id\": \"minecraft:oak_planks\"}}}, {\"text\": \"\\uef03\\uff14\\uef03\", \"font\": \"simpledrawer:pages\", \"color\": \"white\", \"hoverEvent\": {\"action\": \"show_item\", \"contents\": {\"id\": \"minecraft:iron_ingot\"}}}, {\"text\": \"\\uef00\\uef00\\uef00\\uef00\", \"font\": \"simpledrawer:pages\", \"color\": \"white\"}, {\"text\": \"\\uef00\\uef00\\uef03\\uff49\\uef00\\uef00\\uef03\\uef00\", \"font\": \"simpledrawer:pages\", \"color\": \"white\", \"hoverEvent\": {\"action\": \"show_item\", \"contents\": {\"id\": \"minecraft:jigsaw\", \"components\": {\"minecraft:item_name\": \"{\\\"translate\\\": \\\"simpledrawer.iron_upgrade\\\", \\\"color\\\": \\\"white\\\"}\"}}}, \"clickEvent\": {\"action\": \"change_page\", \"value\": \"11\"}}, \"\\n\", {\"text\": \"\\uef00\\uef00\", \"font\": \"simpledrawer:pages\", \"color\": \"white\"}, {\"text\": \"\\uef01\", \"font\": \"simpledrawer:pages\", \"color\": \"white\", \"hoverEvent\": {\"action\": \"show_item\", \"contents\": {\"id\": \"minecraft:iron_ingot\"}}}, {\"text\": \"\\uef01\", \"font\": \"simpledrawer:pages\", \"color\": \"white\", \"hoverEvent\": {\"action\": \"show_item\", \"contents\": {\"id\": \"minecraft:oak_planks\"}}}, {\"text\": \"\\uef01\", \"font\": \"simpledrawer:pages\", \"color\": \"white\", \"hoverEvent\": {\"action\": \"show_item\", \"contents\": {\"id\": \"minecraft:iron_ingot\"}}}, {\"text\": \"\\uef00\\uef00\\uef00\\uef00\", \"font\": \"simpledrawer:pages\", \"color\": \"white\"}, {\"text\": \"\\uef02\\uef02\", \"font\": \"simpledrawer:pages\", \"color\": \"white\", \"hoverEvent\": {\"action\": \"show_item\", \"contents\": {\"id\": \"minecraft:jigsaw\", \"components\": {\"minecraft:item_name\": \"{\\\"translate\\\": \\\"simpledrawer.iron_upgrade\\\", \\\"color\\\": \\\"white\\\"}\"}}}, \"clickEvent\": {\"action\": \"change_page\", \"value\": \"11\"}}, \"\\n\", {\"text\": \"\\uef00\\uef00\", \"font\": \"simpledrawer:pages\", \"color\": \"white\"}, {\"text\": \"\\uef03\\uff15\\uef03\", \"font\": \"simpledrawer:pages\", \"color\": \"white\", \"hoverEvent\": {\"action\": \"show_item\", \"contents\": {\"id\": \"minecraft:iron_ingot\"}}}, {\"text\": \"\\uef03\\uff0f\\uef03\", \"font\": \"simpledrawer:pages\", \"color\": \"white\", \"hoverEvent\": {\"action\": \"show_item\", \"contents\": {\"id\": \"minecraft:oak_planks\"}}}, {\"text\": \"\\uef03\\uff15\\uef03\", \"font\": \"simpledrawer:pages\", \"color\": \"white\", \"hoverEvent\": {\"action\": \"show_item\", \"contents\": {\"id\": \"minecraft:iron_ingot\"}}}, {\"text\": \"\\uef00\\uef00\\uef00\\uef00\", \"font\": \"simpledrawer:pages\", \"color\": \"white\"}, {\"text\": \"\\uef02\\uef02\", \"font\": \"simpledrawer:pages\", \"color\": \"white\", \"hoverEvent\": {\"action\": \"show_item\", \"contents\": {\"id\": \"minecraft:jigsaw\", \"components\": {\"minecraft:item_name\": \"{\\\"translate\\\": \\\"simpledrawer.iron_upgrade\\\", \\\"color\\\": \\\"white\\\"}\"}}}, \"clickEvent\": {\"action\": \"change_page\", \"value\": \"11\"}}, \"\\n\", {\"text\": \"\\uef00\\uef00\", \"font\": \"simpledrawer:pages\", \"color\": \"white\"}, {\"text\": \"\\uef01\", \"font\": \"simpledrawer:pages\", \"color\": \"white\", \"hoverEvent\": {\"action\": \"show_item\", \"contents\": {\"id\": \"minecraft:iron_ingot\"}}}, {\"text\": \"\\uef01\", \"font\": \"simpledrawer:pages\", \"color\": \"white\", \"hoverEvent\": {\"action\": \"show_item\", \"contents\": {\"id\": \"minecraft:oak_planks\"}}}, {\"text\": \"\\uef01\", \"font\": \"simpledrawer:pages\", \"color\": \"white\", \"hoverEvent\": {\"action\": \"show_item\", \"contents\": {\"id\": \"minecraft:iron_ingot\"}}}, \"\\n\", \"\\n\", {\"translate\": \"simpledrawer.guide.capacity_template\", \"color\": \"black\", \"italic\": false, \"with\": [{\"nbt\": \"drawer_type.iron.maxCount\", \"storage\": \"simpledrawer:main\"}]}]",
          "[\"\", {\"translate\": \"simpledrawer.gold_upgrade\", \"font\": \"simpledrawer:medium\", \"color\": \"black\"}, {\"text\": \"\\n\\uef13 \\uef14\\n\", \"font\": \"simpledrawer:pages\", \"color\": \"white\"}, \"\\n\", {\"text\": \"\\uef00\\uef00\", \"font\": \"simpledrawer:pages\", \"color\": \"white\"}, {\"text\": \"\\uef03\\uff07\\uef03\", \"font\": \"simpledrawer:pages\", \"color\": \"white\", \"hoverEvent\": {\"action\": \"show_item\", \"contents\": {\"id\": \"minecraft:stick\"}}}, {\"text\": \"\\uef03\\uff07\\uef03\", \"font\": \"simpledrawer:pages\", \"color\": \"white\", \"hoverEvent\": {\"action\": \"show_item\", \"contents\": {\"id\": \"minecraft:stick\"}}}, {\"text\": \"\\uef03\\uff07\\uef03\", \"font\": \"simpledrawer:pages\", \"color\": \"white\", \"hoverEvent\": {\"action\": \"show_item\", \"contents\": {\"id\": \"minecraft:stick\"}}}, \"\\n\", {\"text\": \"\\uef00\\uef00\", \"font\": \"simpledrawer:pages\", \"color\": \"white\"}, {\"text\": \"\\uef01\", \"font\": \"simpledrawer:pages\", \"color\": \"white\", \"hoverEvent\": {\"action\": \"show_item\", \"contents\": {\"id\": \"minecraft:stick\"}}}, {\"text\": \"\\uef01\", \"font\": \"simpledrawer:pages\", \"color\": \"white\", \"hoverEvent\": {\"action\": \"show_item\", \"contents\": {\"id\": \"minecraft:stick\"}}}, {\"text\": \"\\uef01\", \"font\": \"simpledrawer:pages\", \"color\": \"white\", \"hoverEvent\": {\"action\": \"show_item\", \"contents\": {\"id\": \"minecraft:stick\"}}}, {\"text\": \"\\uef00\\uef00\\uef00\\uef00\", \"font\": \"simpledrawer:pages\", \"color\": \"white\"}, {\"text\": \"\\uef02\\uef02\", \"font\": \"simpledrawer:pages\", \"color\": \"white\", \"hoverEvent\": {\"action\": \"show_item\", \"contents\": {\"id\": \"minecraft:jigsaw\", \"components\": {\"minecraft:item_name\": \"{\\\"translate\\\": \\\"simpledrawer.gold_upgrade\\\", \\\"color\\\": \\\"white\\\"}\"}}}, \"clickEvent\": {\"action\": \"change_page\", \"value\": \"12\"}}, \"\\n\", {\"text\": \"\\uef00\\uef00\", \"font\": \"simpledrawer:pages\", \"color\": \"white\"}, {\"text\": \"\\uef03\\uff2c\\uef03\", \"font\": \"simpledrawer:pages\", \"color\": \"white\", \"hoverEvent\": {\"action\": \"show_item\", \"contents\": {\"id\": \"minecraft:gold_ingot\"}}}, {\"text\": \"\\uef03\\uff4a\\uef03\", \"font\": \"simpledrawer:pages\", \"color\": \"white\", \"hoverEvent\": {\"action\": \"show_item\", \"contents\": {\"id\": \"minecraft:jigsaw\", \"components\": {\"minecraft:item_name\": \"{\\\"translate\\\": \\\"simpledrawer.iron_upgrade\\\", \\\"color\\\": \\\"white\\\"}\"}}}, \"clickEvent\": {\"action\": \"change_page\", \"value\": \"11\"}}, {\"text\": \"\\uef03\\uff2c\\uef03\", \"font\": \"simpledrawer:pages\", \"color\": \"white\", \"hoverEvent\": {\"action\": \"show_item\", \"contents\": {\"id\": \"minecraft:gold_ingot\"}}}, {\"text\": \"\\uef00\\uef00\\uef00\\uef00\", \"font\": \"simpledrawer:pages\", \"color\": \"white\"}, {\"text\": \"\\uef00\\uef00\\uef03\\uff4c\\uef00\\uef00\\uef03\\uef00\", \"font\": \"simpledrawer:pages\", \"color\": \"white\", \"hoverEvent\": {\"action\": \"show_item\", \"contents\": {\"id\": \"minecraft:jigsaw\", \"components\": {\"minecraft:item_name\": \"{\\\"translate\\\": \\\"simpledrawer.gold_upgrade\\\", \\\"color\\\": \\\"white\\\"}\"}}}, \"clickEvent\": {\"action\": \"change_page\", \"value\": \"12\"}}, \"\\n\", {\"text\": \"\\uef00\\uef00\", \"font\": \"simpledrawer:pages\", \"color\": \"white\"}, {\"text\": \"\\uef01\", \"font\": \"simpledrawer:pages\", \"color\": \"white\", \"hoverEvent\": {\"action\": \"show_item\", \"contents\": {\"id\": \"minecraft:gold_ingot\"}}}, {\"text\": \"\\uef01\", \"font\": \"simpledrawer:pages\", \"color\": \"white\", \"hoverEvent\": {\"action\": \"show_item\", \"contents\": {\"id\": \"minecraft:jigsaw\", \"components\": {\"minecraft:item_name\": \"{\\\"translate\\\": \\\"simpledrawer.iron_upgrade\\\", \\\"color\\\": \\\"white\\\"}\"}}}, \"clickEvent\": {\"action\": \"change_page\", \"value\": \"11\"}}, {\"text\": \"\\uef01\", \"font\": \"simpledrawer:pages\", \"color\": \"white\", \"hoverEvent\": {\"action\": \"show_item\", \"contents\": {\"id\": \"minecraft:gold_ingot\"}}}, {\"text\": \"\\uef00\\uef00\\uef00\\uef00\", \"font\": \"simpledrawer:pages\", \"color\": \"white\"}, {\"text\": \"\\uef02\\uef02\", \"font\": \"simpledrawer:pages\", \"color\": \"white\", \"hoverEvent\": {\"action\": \"show_item\", \"contents\": {\"id\": \"minecraft:jigsaw\", \"components\": {\"minecraft:item_name\": \"{\\\"translate\\\": \\\"simpledrawer.gold_upgrade\\\", \\\"color\\\": \\\"white\\\"}\"}}}, \"clickEvent\": {\"action\": \"change_page\", \"value\": \"12\"}}, \"\\n\", {\"text\": \"\\uef00\\uef00\", \"font\": \"simpledrawer:pages\", \"color\": \"white\"}, {\"text\": \"\\uef03\\uff2d\\uef03\", \"font\": \"simpledrawer:pages\", \"color\": \"white\", \"hoverEvent\": {\"action\": \"show_item\", \"contents\": {\"id\": \"minecraft:gold_ingot\"}}}, {\"text\": \"\\uef03\\uff06\\uef03\", \"font\": \"simpledrawer:pages\", \"color\": \"white\"}, {\"text\": \"\\uef03\\uff2d\\uef03\", \"font\": \"simpledrawer:pages\", \"color\": \"white\", \"hoverEvent\": {\"action\": \"show_item\", \"contents\": {\"id\": \"minecraft:gold_ingot\"}}}, {\"text\": \"\\uef00\\uef00\\uef00\\uef00\", \"font\": \"simpledrawer:pages\", \"color\": \"white\"}, {\"text\": \"\\uef02\\uef02\", \"font\": \"simpledrawer:pages\", \"color\": \"white\", \"hoverEvent\": {\"action\": \"show_item\", \"contents\": {\"id\": \"minecraft:jigsaw\", \"components\": {\"minecraft:item_name\": \"{\\\"translate\\\": \\\"simpledrawer.gold_upgrade\\\", \\\"color\\\": \\\"white\\\"}\"}}}, \"clickEvent\": {\"action\": \"change_page\", \"value\": \"12\"}}, \"\\n\", {\"text\": \"\\uef00\\uef00\", \"font\": \"simpledrawer:pages\", \"color\": \"white\"}, {\"text\": \"\\uef01\", \"font\": \"simpledrawer:pages\", \"color\": \"white\", \"hoverEvent\": {\"action\": \"show_item\", \"contents\": {\"id\": \"minecraft:gold_ingot\"}}}, {\"text\": \"\\uef01\", \"font\": \"simpledrawer:pages\", \"color\": \"white\"}, {\"text\": \"\\uef01\", \"font\": \"simpledrawer:pages\", \"color\": \"white\", \"hoverEvent\": {\"action\": \"show_item\", \"contents\": {\"id\": \"minecraft:gold_ingot\"}}}, \"\\n\", \"\\n\", {\"translate\": \"simpledrawer.guide.capacity_template\", \"color\": \"black\", \"italic\": false, \"with\": [{\"nbt\": \"drawer_type.gold.maxCount\", \"storage\": \"simpledrawer:main\"}]}]",
          "[\"\", {\"translate\": \"simpledrawer.diamond_upgrade\", \"font\": \"simpledrawer:medium\", \"color\": \"black\"}, {\"text\": \"\\n\\uef13 \\uef14\\n\", \"font\": \"simpledrawer:pages\", \"color\": \"white\"}, \"\\n\", {\"text\": \"\\uef00\\uef00\", \"font\": \"simpledrawer:pages\", \"color\": \"white\"}, {\"text\": \"\\uef03\\uff07\\uef03\", \"font\": \"simpledrawer:pages\", \"color\": \"white\", \"hoverEvent\": {\"action\": \"show_item\", \"contents\": {\"id\": \"minecraft:stick\"}}}, {\"text\": \"\\uef03\\uff07\\uef03\", \"font\": \"simpledrawer:pages\", \"color\": \"white\", \"hoverEvent\": {\"action\": \"show_item\", \"contents\": {\"id\": \"minecraft:stick\"}}}, {\"text\": \"\\uef03\\uff07\\uef03\", \"font\": \"simpledrawer:pages\", \"color\": \"white\", \"hoverEvent\": {\"action\": \"show_item\", \"contents\": {\"id\": \"minecraft:stick\"}}}, \"\\n\", {\"text\": \"\\uef00\\uef00\", \"font\": \"simpledrawer:pages\", \"color\": \"white\"}, {\"text\": \"\\uef01\", \"font\": \"simpledrawer:pages\", \"color\": \"white\", \"hoverEvent\": {\"action\": \"show_item\", \"contents\": {\"id\": \"minecraft:stick\"}}}, {\"text\": \"\\uef01\", \"font\": \"simpledrawer:pages\", \"color\": \"white\", \"hoverEvent\": {\"action\": \"show_item\", \"contents\": {\"id\": \"minecraft:stick\"}}}, {\"text\": \"\\uef01\", \"font\": \"simpledrawer:pages\", \"color\": \"white\", \"hoverEvent\": {\"action\": \"show_item\", \"contents\": {\"id\": \"minecraft:stick\"}}}, {\"text\": \"\\uef00\\uef00\\uef00\\uef00\", \"font\": \"simpledrawer:pages\", \"color\": \"white\"}, {\"text\": \"\\uef02\\uef02\", \"font\": \"simpledrawer:pages\", \"color\": \"white\", \"hoverEvent\": {\"action\": \"show_item\", \"contents\": {\"id\": \"minecraft:jigsaw\", \"components\": {\"minecraft:item_name\": \"{\\\"translate\\\": \\\"simpledrawer.diamond_upgrade\\\", \\\"color\\\": \\\"white\\\"}\"}}}, \"clickEvent\": {\"action\": \"change_page\", \"value\": \"13\"}}, \"\\n\", {\"text\": \"\\uef00\\uef00\", \"font\": \"simpledrawer:pages\", \"color\": \"white\"}, {\"text\": \"\\uef03\\uff17\\uef03\", \"font\": \"simpledrawer:pages\", \"color\": \"white\", \"hoverEvent\": {\"action\": \"show_item\", \"contents\": {\"id\": \"minecraft:diamond\"}}}, {\"text\": \"\\uef03\\uff4d\\uef03\", \"font\": \"simpledrawer:pages\", \"color\": \"white\", \"hoverEvent\": {\"action\": \"show_item\", \"contents\": {\"id\": \"minecraft:jigsaw\", \"components\": {\"minecraft:item_name\": \"{\\\"translate\\\": \\\"simpledrawer.gold_upgrade\\\", \\\"color\\\": \\\"white\\\"}\"}}}, \"clickEvent\": {\"action\": \"change_page\", \"value\": \"12\"}}, {\"text\": \"\\uef03\\uff17\\uef03\", \"font\": \"simpledrawer:pages\", \"color\": \"white\", \"hoverEvent\": {\"action\": \"show_item\", \"contents\": {\"id\": \"minecraft:diamond\"}}}, {\"text\": \"\\uef00\\uef00\\uef00\\uef00\", \"font\": \"simpledrawer:pages\", \"color\": \"white\"}, {\"text\": \"\\uef00\\uef00\\uef03\\uff4f\\uef00\\uef00\\uef03\\uef00\", \"font\": \"simpledrawer:pages\", \"color\": \"white\", \"hoverEvent\": {\"action\": \"show_item\", \"contents\": {\"id\": \"minecraft:jigsaw\", \"components\": {\"minecraft:item_name\": \"{\\\"translate\\\": \\\"simpledrawer.diamond_upgrade\\\", \\\"color\\\": \\\"white\\\"}\"}}}, \"clickEvent\": {\"action\": \"change_page\", \"value\": \"13\"}}, \"\\n\", {\"text\": \"\\uef00\\uef00\", \"font\": \"simpledrawer:pages\", \"color\": \"white\"}, {\"text\": \"\\uef01\", \"font\": \"simpledrawer:pages\", \"color\": \"white\", \"hoverEvent\": {\"action\": \"show_item\", \"contents\": {\"id\": \"minecraft:diamond\"}}}, {\"text\": \"\\uef01\", \"font\": \"simpledrawer:pages\", \"color\": \"white\", \"hoverEvent\": {\"action\": \"show_item\", \"contents\": {\"id\": \"minecraft:jigsaw\", \"components\": {\"minecraft:item_name\": \"{\\\"translate\\\": \\\"simpledrawer.gold_upgrade\\\", \\\"color\\\": \\\"white\\\"}\"}}}, \"clickEvent\": {\"action\": \"change_page\", \"value\": \"12\"}}, {\"text\": \"\\uef01\", \"font\": \"simpledrawer:pages\", \"color\": \"white\", \"hoverEvent\": {\"action\": \"show_item\", \"contents\": {\"id\": \"minecraft:diamond\"}}}, {\"text\": \"\\uef00\\uef00\\uef00\\uef00\", \"font\": \"simpledrawer:pages\", \"color\": \"white\"}, {\"text\": \"\\uef02\\uef02\", \"font\": \"simpledrawer:pages\", \"color\": \"white\", \"hoverEvent\": {\"action\": \"show_item\", \"contents\": {\"id\": \"minecraft:jigsaw\", \"components\": {\"minecraft:item_name\": \"{\\\"translate\\\": \\\"simpledrawer.diamond_upgrade\\\", \\\"color\\\": \\\"white\\\"}\"}}}, \"clickEvent\": {\"action\": \"change_page\", \"value\": \"13\"}}, \"\\n\", {\"text\": \"\\uef00\\uef00\", \"font\": \"simpledrawer:pages\", \"color\": \"white\"}, {\"text\": \"\\uef03\\uff18\\uef03\", \"font\": \"simpledrawer:pages\", \"color\": \"white\", \"hoverEvent\": {\"action\": \"show_item\", \"contents\": {\"id\": \"minecraft:diamond\"}}}, {\"text\": \"\\uef03\\uff06\\uef03\", \"font\": \"simpledrawer:pages\", \"color\": \"white\"}, {\"text\": \"\\uef03\\uff18\\uef03\", \"font\": \"simpledrawer:pages\", \"color\": \"white\", \"hoverEvent\": {\"action\": \"show_item\", \"contents\": {\"id\": \"minecraft:diamond\"}}}, {\"text\": \"\\uef00\\uef00\\uef00\\uef00\", \"font\": \"simpledrawer:pages\", \"color\": \"white\"}, {\"text\": \"\\uef02\\uef02\", \"font\": \"simpledrawer:pages\", \"color\": \"white\", \"hoverEvent\": {\"action\": \"show_item\", \"contents\": {\"id\": \"minecraft:jigsaw\", \"components\": {\"minecraft:item_name\": \"{\\\"translate\\\": \\\"simpledrawer.diamond_upgrade\\\", \\\"color\\\": \\\"white\\\"}\"}}}, \"clickEvent\": {\"action\": \"change_page\", \"value\": \"13\"}}, \"\\n\", {\"text\": \"\\uef00\\uef00\", \"font\": \"simpledrawer:pages\", \"color\": \"white\"}, {\"text\": \"\\uef01\", \"font\": \"simpledrawer:pages\", \"color\": \"white\", \"hoverEvent\": {\"action\": \"show_item\", \"contents\": {\"id\": \"minecraft:diamond\"}}}, {\"text\": \"\\uef01\", \"font\": \"simpledrawer:pages\", \"color\": \"white\"}, {\"text\": \"\\uef01\", \"font\": \"simpledrawer:pages\", \"color\": \"white\", \"hoverEvent\": {\"action\": \"show_item\", \"contents\": {\"id\": \"minecraft:diamond\"}}}, \"\\n\", \"\\n\", {\"translate\": \"simpledrawer.guide.capacity_template\", \"color\": \"black\", \"italic\": false, \"with\": [{\"nbt\": \"drawer_type.diamond.maxCount\", \"storage\": \"simpledrawer:main\"}]}]",
          "[\"\", {\"translate\": \"simpledrawer.star_upgrade\", \"font\": \"simpledrawer:medium\", \"color\": \"black\"}, {\"text\": \"\\n\\uef13 \\uef14\\n\", \"font\": \"simpledrawer:pages\", \"color\": \"white\"}, \"\\n\", {\"text\": \"\\uef00\\uef00\", \"font\": \"simpledrawer:pages\", \"color\": \"white\"}, {\"text\": \"\\uef03\\uff07\\uef03\", \"font\": \"simpledrawer:pages\", \"color\": \"white\", \"hoverEvent\": {\"action\": \"show_item\", \"contents\": {\"id\": \"minecraft:stick\"}}}, {\"text\": \"\\uef03\\uff16\\uef03\", \"font\": \"simpledrawer:pages\", \"color\": \"white\", \"hoverEvent\": {\"action\": \"show_item\", \"contents\": {\"id\": \"minecraft:diamond\"}}}, {\"text\": \"\\uef03\\uff07\\uef03\", \"font\": \"simpledrawer:pages\", \"color\": \"white\", \"hoverEvent\": {\"action\": \"show_item\", \"contents\": {\"id\": \"minecraft:stick\"}}}, \"\\n\", {\"text\": \"\\uef00\\uef00\", \"font\": \"simpledrawer:pages\", \"color\": \"white\"}, {\"text\": \"\\uef01\", \"font\": \"simpledrawer:pages\", \"color\": \"white\", \"hoverEvent\": {\"action\": \"show_item\", \"contents\": {\"id\": \"minecraft:stick\"}}}, {\"text\": \"\\uef01\", \"font\": \"simpledrawer:pages\", \"color\": \"white\", \"hoverEvent\": {\"action\": \"show_item\", \"contents\": {\"id\": \"minecraft:diamond\"}}}, {\"text\": \"\\uef01\", \"font\": \"simpledrawer:pages\", \"color\": \"white\", \"hoverEvent\": {\"action\": \"show_item\", \"contents\": {\"id\": \"minecraft:stick\"}}}, {\"text\": \"\\uef00\\uef00\\uef00\\uef00\", \"font\": \"simpledrawer:pages\", \"color\": \"white\"}, {\"text\": \"\\uef02\\uef02\", \"font\": \"simpledrawer:pages\", \"color\": \"white\", \"hoverEvent\": {\"action\": \"show_item\", \"contents\": {\"id\": \"minecraft:jigsaw\", \"components\": {\"minecraft:item_name\": \"{\\\"translate\\\": \\\"simpledrawer.star_upgrade\\\", \\\"color\\\": \\\"white\\\"}\"}}}, \"clickEvent\": {\"action\": \"change_page\", \"value\": \"14\"}}, \"\\n\", {\"text\": \"\\uef00\\uef00\", \"font\": \"simpledrawer:pages\", \"color\": \"white\"}, {\"text\": \"\\uef03\\uff14\\uef03\", \"font\": \"simpledrawer:pages\", \"color\": \"white\", \"hoverEvent\": {\"action\": \"show_item\", \"contents\": {\"id\": \"minecraft:iron_ingot\"}}}, {\"text\": \"\\uef03\\uff50\\uef03\", \"font\": \"simpledrawer:pages\", \"color\": \"white\", \"hoverEvent\": {\"action\": \"show_item\", \"contents\": {\"id\": \"minecraft:jigsaw\", \"components\": {\"minecraft:item_name\": \"{\\\"translate\\\": \\\"simpledrawer.diamond_upgrade\\\", \\\"color\\\": \\\"white\\\"}\"}}}, \"clickEvent\": {\"action\": \"change_page\", \"value\": \"13\"}}, {\"text\": \"\\uef03\\uff14\\uef03\", \"font\": \"simpledrawer:pages\", \"color\": \"white\", \"hoverEvent\": {\"action\": \"show_item\", \"contents\": {\"id\": \"minecraft:iron_ingot\"}}}, {\"text\": \"\\uef00\\uef00\\uef00\\uef00\", \"font\": \"simpledrawer:pages\", \"color\": \"white\"}, {\"text\": \"\\uef00\\uef00\\uef03\\uff52\\uef00\\uef00\\uef03\\uef00\", \"font\": \"simpledrawer:pages\", \"color\": \"white\", \"hoverEvent\": {\"action\": \"show_item\", \"contents\": {\"id\": \"minecraft:jigsaw\", \"components\": {\"minecraft:item_name\": \"{\\\"translate\\\": \\\"simpledrawer.star_upgrade\\\", \\\"color\\\": \\\"white\\\"}\"}}}, \"clickEvent\": {\"action\": \"change_page\", \"value\": \"14\"}}, \"\\n\", {\"text\": \"\\uef00\\uef00\", \"font\": \"simpledrawer:pages\", \"color\": \"white\"}, {\"text\": \"\\uef01\", \"font\": \"simpledrawer:pages\", \"color\": \"white\", \"hoverEvent\": {\"action\": \"show_item\", \"contents\": {\"id\": \"minecraft:iron_ingot\"}}}, {\"text\": \"\\uef01\", \"font\": \"simpledrawer:pages\", \"color\": \"white\", \"hoverEvent\": {\"action\": \"show_item\", \"contents\": {\"id\": \"minecraft:jigsaw\", \"components\": {\"minecraft:item_name\": \"{\\\"translate\\\": \\\"simpledrawer.diamond_upgrade\\\", \\\"color\\\": \\\"white\\\"}\"}}}, \"clickEvent\": {\"action\": \"change_page\", \"value\": \"13\"}}, {\"text\": \"\\uef01\", \"font\": \"simpledrawer:pages\", \"color\": \"white\", \"hoverEvent\": {\"action\": \"show_item\", \"contents\": {\"id\": \"minecraft:iron_ingot\"}}}, {\"text\": \"\\uef00\\uef00\\uef00\\uef00\", \"font\": \"simpledrawer:pages\", \"color\": \"white\"}, {\"text\": \"\\uef02\\uef02\", \"font\": \"simpledrawer:pages\", \"color\": \"white\", \"hoverEvent\": {\"action\": \"show_item\", \"contents\": {\"id\": \"minecraft:jigsaw\", \"components\": {\"minecraft:item_name\": \"{\\\"translate\\\": \\\"simpledrawer.star_upgrade\\\", \\\"color\\\": \\\"white\\\"}\"}}}, \"clickEvent\": {\"action\": \"change_page\", \"value\": \"14\"}}, \"\\n\", {\"text\": \"\\uef00\\uef00\", \"font\": \"simpledrawer:pages\", \"color\": \"white\"}, {\"text\": \"\\uef03\\uff15\\uef03\", \"font\": \"simpledrawer:pages\", \"color\": \"white\", \"hoverEvent\": {\"action\": \"show_item\", \"contents\": {\"id\": \"minecraft:iron_ingot\"}}}, {\"text\": \"\\uef03\\uff1b\\uef03\", \"font\": \"simpledrawer:pages\", \"color\": \"white\", \"hoverEvent\": {\"action\": \"show_item\", \"contents\": {\"id\": \"minecraft:nether_star\"}}}, {\"text\": \"\\uef03\\uff15\\uef03\", \"font\": \"simpledrawer:pages\", \"color\": \"white\", \"hoverEvent\": {\"action\": \"show_item\", \"contents\": {\"id\": \"minecraft:iron_ingot\"}}}, {\"text\": \"\\uef00\\uef00\\uef00\\uef00\", \"font\": \"simpledrawer:pages\", \"color\": \"white\"}, {\"text\": \"\\uef02\\uef02\", \"font\": \"simpledrawer:pages\", \"color\": \"white\", \"hoverEvent\": {\"action\": \"show_item\", \"contents\": {\"id\": \"minecraft:jigsaw\", \"components\": {\"minecraft:item_name\": \"{\\\"translate\\\": \\\"simpledrawer.star_upgrade\\\", \\\"color\\\": \\\"white\\\"}\"}}}, \"clickEvent\": {\"action\": \"change_page\", \"value\": \"14\"}}, \"\\n\", {\"text\": \"\\uef00\\uef00\", \"font\": \"simpledrawer:pages\", \"color\": \"white\"}, {\"text\": \"\\uef01\", \"font\": \"simpledrawer:pages\", \"color\": \"white\", \"hoverEvent\": {\"action\": \"show_item\", \"contents\": {\"id\": \"minecraft:iron_ingot\"}}}, {\"text\": \"\\uef01\", \"font\": \"simpledrawer:pages\", \"color\": \"white\", \"hoverEvent\": {\"action\": \"show_item\", \"contents\": {\"id\": \"minecraft:nether_star\"}}}, {\"text\": \"\\uef01\", \"font\": \"simpledrawer:pages\", \"color\": \"white\", \"hoverEvent\": {\"action\": \"show_item\", \"contents\": {\"id\": \"minecraft:iron_ingot\"}}}, \"\\n\", \"\\n\", {\"translate\": \"simpledrawer.guide.capacity_template\", \"color\": \"black\", \"italic\": false, \"with\": [{\"nbt\": \"drawer_type.star.maxCount\", \"storage\": \"simpledrawer:main\"}]}]",
          "[\"\", {\"translate\": \"simpledrawer.netherite_upgrade\", \"font\": \"simpledrawer:medium\", \"color\": \"black\"}, {\"text\": \"\\n\\uef13 \\uef14\\n\", \"font\": \"simpledrawer:pages\", \"color\": \"white\"}, \"\\n\", {\"text\": \"\\uef00\\uef00\", \"font\": \"simpledrawer:pages\", \"color\": \"white\"}, {\"text\": \"\\uef03\\uff19\\uef03\", \"font\": \"simpledrawer:pages\", \"color\": \"white\", \"hoverEvent\": {\"action\": \"show_item\", \"contents\": {\"id\": \"minecraft:nether_star\"}}}, {\"text\": \"\\uef03\\uff19\\uef03\", \"font\": \"simpledrawer:pages\", \"color\": \"white\", \"hoverEvent\": {\"action\": \"show_item\", \"contents\": {\"id\": \"minecraft:nether_star\"}}}, {\"text\": \"\\uef03\\uff19\\uef03\", \"font\": \"simpledrawer:pages\", \"color\": \"white\", \"hoverEvent\": {\"action\": \"show_item\", \"contents\": {\"id\": \"minecraft:nether_star\"}}}, \"\\n\", {\"text\": \"\\uef00\\uef00\", \"font\": \"simpledrawer:pages\", \"color\": \"white\"}, {\"text\": \"\\uef01\", \"font\": \"simpledrawer:pages\", \"color\": \"white\", \"hoverEvent\": {\"action\": \"show_item\", \"contents\": {\"id\": \"minecraft:nether_star\"}}}, {\"text\": \"\\uef01\", \"font\": \"simpledrawer:pages\", \"color\": \"white\", \"hoverEvent\": {\"action\": \"show_item\", \"contents\": {\"id\": \"minecraft:nether_star\"}}}, {\"text\": \"\\uef01\", \"font\": \"simpledrawer:pages\", \"color\": \"white\", \"hoverEvent\": {\"action\": \"show_item\", \"contents\": {\"id\": \"minecraft:nether_star\"}}}, {\"text\": \"\\uef00\\uef00\\uef00\\uef00\", \"font\": \"simpledrawer:pages\", \"color\": \"white\"}, {\"text\": \"\\uef02\\uef02\", \"font\": \"simpledrawer:pages\", \"color\": \"white\", \"hoverEvent\": {\"action\": \"show_item\", \"contents\": {\"id\": \"minecraft:jigsaw\", \"components\": {\"minecraft:item_name\": \"{\\\"translate\\\": \\\"simpledrawer.netherite_upgrade\\\", \\\"color\\\": \\\"white\\\"}\"}}}, \"clickEvent\": {\"action\": \"change_page\", \"value\": \"15\"}}, \"\\n\", {\"text\": \"\\uef00\\uef00\", \"font\": \"simpledrawer:pages\", \"color\": \"white\"}, {\"text\": \"\\uef03\\uff1d\\uef03\", \"font\": \"simpledrawer:pages\", \"color\": \"white\", \"hoverEvent\": {\"action\": \"show_item\", \"contents\": {\"id\": \"minecraft:netherite_ingot\"}}}, {\"text\": \"\\uef03\\uff53\\uef03\", \"font\": \"simpledrawer:pages\", \"color\": \"white\", \"hoverEvent\": {\"action\": \"show_item\", \"contents\": {\"id\": \"minecraft:jigsaw\", \"components\": {\"minecraft:item_name\": \"{\\\"translate\\\": \\\"simpledrawer.star_upgrade\\\", \\\"color\\\": \\\"white\\\"}\"}}}, \"clickEvent\": {\"action\": \"change_page\", \"value\": \"14\"}}, {\"text\": \"\\uef03\\uff1d\\uef03\", \"font\": \"simpledrawer:pages\", \"color\": \"white\", \"hoverEvent\": {\"action\": \"show_item\", \"contents\": {\"id\": \"minecraft:netherite_ingot\"}}}, {\"text\": \"\\uef00\\uef00\\uef00\\uef00\", \"font\": \"simpledrawer:pages\", \"color\": \"white\"}, {\"text\": \"\\uef00\\uef00\\uef03\\uff55\\uef00\\uef00\\uef03\\uef00\", \"font\": \"simpledrawer:pages\", \"color\": \"white\", \"hoverEvent\": {\"action\": \"show_item\", \"contents\": {\"id\": \"minecraft:jigsaw\", \"components\": {\"minecraft:item_name\": \"{\\\"translate\\\": \\\"simpledrawer.netherite_upgrade\\\", \\\"color\\\": \\\"white\\\"}\"}}}, \"clickEvent\": {\"action\": \"change_page\", \"value\": \"15\"}}, \"\\n\", {\"text\": \"\\uef00\\uef00\", \"font\": \"simpledrawer:pages\", \"color\": \"white\"}, {\"text\": \"\\uef01\", \"font\": \"simpledrawer:pages\", \"color\": \"white\", \"hoverEvent\": {\"action\": \"show_item\", \"contents\": {\"id\": \"minecraft:netherite_ingot\"}}}, {\"text\": \"\\uef01\", \"font\": \"simpledrawer:pages\", \"color\": \"white\", \"hoverEvent\": {\"action\": \"show_item\", \"contents\": {\"id\": \"minecraft:jigsaw\", \"components\": {\"minecraft:item_name\": \"{\\\"translate\\\": \\\"simpledrawer.star_upgrade\\\", \\\"color\\\": \\\"white\\\"}\"}}}, \"clickEvent\": {\"action\": \"change_page\", \"value\": \"14\"}}, {\"text\": \"\\uef01\", \"font\": \"simpledrawer:pages\", \"color\": \"white\", \"hoverEvent\": {\"action\": \"show_item\", \"contents\": {\"id\": \"minecraft:netherite_ingot\"}}}, {\"text\": \"\\uef00\\uef00\\uef00\\uef00\", \"font\": \"simpledrawer:pages\", \"color\": \"white\"}, {\"text\": \"\\uef02\\uef02\", \"font\": \"simpledrawer:pages\", \"color\": \"white\", \"hoverEvent\": {\"action\": \"show_item\", \"contents\": {\"id\": \"minecraft:jigsaw\", \"components\": {\"minecraft:item_name\": \"{\\\"translate\\\": \\\"simpledrawer.netherite_upgrade\\\", \\\"color\\\": \\\"white\\\"}\"}}}, \"clickEvent\": {\"action\": \"change_page\", \"value\": \"15\"}}, \"\\n\", {\"text\": \"\\uef00\\uef00\", \"font\": \"simpledrawer:pages\", \"color\": \"white\"}, {\"text\": \"\\uef03\\uff1e\\uef03\", \"font\": \"simpledrawer:pages\", \"color\": \"white\", \"hoverEvent\": {\"action\": \"show_item\", \"contents\": {\"id\": \"minecraft:netherite_ingot\"}}}, {\"text\": \"\\uef03\\uff1e\\uef03\", \"font\": \"simpledrawer:pages\", \"color\": \"white\", \"hoverEvent\": {\"action\": \"show_item\", \"contents\": {\"id\": \"minecraft:netherite_ingot\"}}}, {\"text\": \"\\uef03\\uff1e\\uef03\", \"font\": \"simpledrawer:pages\", \"color\": \"white\", \"hoverEvent\": {\"action\": \"show_item\", \"contents\": {\"id\": \"minecraft:netherite_ingot\"}}}, {\"text\": \"\\uef00\\uef00\\uef00\\uef00\", \"font\": \"simpledrawer:pages\", \"color\": \"white\"}, {\"text\": \"\\uef02\\uef02\", \"font\": \"simpledrawer:pages\", \"color\": \"white\", \"hoverEvent\": {\"action\": \"show_item\", \"contents\": {\"id\": \"minecraft:jigsaw\", \"components\": {\"minecraft:item_name\": \"{\\\"translate\\\": \\\"simpledrawer.netherite_upgrade\\\", \\\"color\\\": \\\"white\\\"}\"}}}, \"clickEvent\": {\"action\": \"change_page\", \"value\": \"15\"}}, \"\\n\", {\"text\": \"\\uef00\\uef00\", \"font\": \"simpledrawer:pages\", \"color\": \"white\"}, {\"text\": \"\\uef01\", \"font\": \"simpledrawer:pages\", \"color\": \"white\", \"hoverEvent\": {\"action\": \"show_item\", \"contents\": {\"id\": \"minecraft:netherite_ingot\"}}}, {\"text\": \"\\uef01\", \"font\": \"simpledrawer:pages\", \"color\": \"white\", \"hoverEvent\": {\"action\": \"show_item\", \"contents\": {\"id\": \"minecraft:netherite_ingot\"}}}, {\"text\": \"\\uef01\", \"font\": \"simpledrawer:pages\", \"color\": \"white\", \"hoverEvent\": {\"action\": \"show_item\", \"contents\": {\"id\": \"minecraft:netherite_ingot\"}}}, \"\\n\", \"\\n\", {\"translate\": \"simpledrawer.guide.capacity_template\", \"color\": \"black\", \"italic\": false, \"with\": [{\"nbt\": \"drawer_type.netherite.maxCount\", \"storage\": \"simpledrawer:main\"}]}]",
          "[\"\", {\"translate\": \"simpledrawer.downgrade_wrench\", \"font\": \"simpledrawer:medium\", \"color\": \"black\"}, {\"text\": \"\\n\\uef13 \\uef14\\n\", \"font\": \"simpledrawer:pages\", \"color\": \"white\"}, \"\\n\", {\"text\": \"\\uef00\\uef00\", \"font\": \"simpledrawer:pages\", \"color\": \"white\"}, {\"text\": \"\\uef03\\uff04\\uef03\", \"font\": \"simpledrawer:pages\", \"color\": \"white\"}, {\"text\": \"\\uef03\\uff10\\uef03\", \"font\": \"simpledrawer:pages\", \"color\": \"white\", \"hoverEvent\": {\"action\": \"show_item\", \"contents\": {\"id\": \"minecraft:iron_nugget\"}}}, {\"text\": \"\\uef03\\uff49\\uef03\", \"font\": \"simpledrawer:pages\", \"color\": \"white\", \"hoverEvent\": {\"action\": \"show_item\", \"contents\": {\"id\": \"minecraft:jigsaw\", \"components\": {\"minecraft:item_name\": \"{\\\"translate\\\": \\\"simpledrawer.iron_upgrade\\\", \\\"color\\\": \\\"white\\\"}\"}}}, \"clickEvent\": {\"action\": \"change_page\", \"value\": \"11\"}}, \"\\n\", {\"text\": \"\\uef00\\uef00\", \"font\": \"simpledrawer:pages\", \"color\": \"white\"}, {\"text\": \"\\uef01\", \"font\": \"simpledrawer:pages\", \"color\": \"white\"}, {\"text\": \"\\uef01\", \"font\": \"simpledrawer:pages\", \"color\": \"white\", \"hoverEvent\": {\"action\": \"show_item\", \"contents\": {\"id\": \"minecraft:iron_nugget\"}}}, {\"text\": \"\\uef01\", \"font\": \"simpledrawer:pages\", \"color\": \"white\", \"hoverEvent\": {\"action\": \"show_item\", \"contents\": {\"id\": \"minecraft:jigsaw\", \"components\": {\"minecraft:item_name\": \"{\\\"translate\\\": \\\"simpledrawer.iron_upgrade\\\", \\\"color\\\": \\\"white\\\"}\"}}}, \"clickEvent\": {\"action\": \"change_page\", \"value\": \"11\"}}, {\"text\": \"\\uef00\\uef00\\uef00\\uef00\", \"font\": \"simpledrawer:pages\", \"color\": \"white\"}, {\"text\": \"\\uef02\\uef02\", \"font\": \"simpledrawer:pages\", \"color\": \"white\", \"hoverEvent\": {\"action\": \"show_item\", \"contents\": {\"id\": \"minecraft:jigsaw\", \"components\": {\"minecraft:item_name\": \"{\\\"translate\\\": \\\"simpledrawer.downgrade_wrench\\\", \\\"color\\\": \\\"white\\\"}\"}}}, \"clickEvent\": {\"action\": \"change_page\", \"value\": \"16\"}}, \"\\n\", {\"text\": \"\\uef00\\uef00\", \"font\": \"simpledrawer:pages\", \"color\": \"white\"}, {\"text\": \"\\uef03\\uff05\\uef03\", \"font\": \"simpledrawer:pages\", \"color\": \"white\"}, {\"text\": \"\\uef03\\uff14\\uef03\", \"font\": \"simpledrawer:pages\", \"color\": \"white\", \"hoverEvent\": {\"action\": \"show_item\", \"contents\": {\"id\": \"minecraft:iron_ingot\"}}}, {\"text\": \"\\uef03\\uff11\\uef03\", \"font\": \"simpledrawer:pages\", \"color\": \"white\", \"hoverEvent\": {\"action\": \"show_item\", \"contents\": {\"id\": \"minecraft:iron_nugget\"}}}, {\"text\": \"\\uef00\\uef00\\uef00\\uef00\", \"font\": \"simpledrawer:pages\", \"color\": \"white\"}, {\"text\": \"\\uef00\\uef00\\uef03\\uff58\\uef00\\uef00\\uef03\\uef00\", \"font\": \"simpledrawer:pages\", \"color\": \"white\", \"hoverEvent\": {\"action\": \"show_item\", \"contents\": {\"id\": \"minecraft:jigsaw\", \"components\": {\"minecraft:item_name\": \"{\\\"translate\\\": \\\"simpledrawer.downgrade_wrench\\\", \\\"color\\\": \\\"white\\\"}\"}}}, \"clickEvent\": {\"action\": \"change_page\", \"value\": \"16\"}}, \"\\n\", {\"text\": \"\\uef00\\uef00\", \"font\": \"simpledrawer:pages\", \"color\": \"white\"}, {\"text\": \"\\uef01\", \"font\": \"simpledrawer:pages\", \"color\": \"white\"}, {\"text\": \"\\uef01\", \"font\": \"simpledrawer:pages\", \"color\": \"white\", \"hoverEvent\": {\"action\": \"show_item\", \"contents\": {\"id\": \"minecraft:iron_ingot\"}}}, {\"text\": \"\\uef01\", \"font\": \"simpledrawer:pages\", \"color\": \"white\", \"hoverEvent\": {\"action\": \"show_item\", \"contents\": {\"id\": \"minecraft:iron_nugget\"}}}, {\"text\": \"\\uef00\\uef00\\uef00\\uef00\", \"font\": \"simpledrawer:pages\", \"color\": \"white\"}, {\"text\": \"\\uef02\\uef02\", \"font\": \"simpledrawer:pages\", \"color\": \"white\", \"hoverEvent\": {\"action\": \"show_item\", \"contents\": {\"id\": \"minecraft:jigsaw\", \"components\": {\"minecraft:item_name\": \"{\\\"translate\\\": \\\"simpledrawer.downgrade_wrench\\\", \\\"color\\\": \\\"white\\\"}\"}}}, \"clickEvent\": {\"action\": \"change_page\", \"value\": \"16\"}}, \"\\n\", {\"text\": \"\\uef00\\uef00\", \"font\": \"simpledrawer:pages\", \"color\": \"white\"}, {\"text\": \"\\uef03\\uff15\\uef03\", \"font\": \"simpledrawer:pages\", \"color\": \"white\", \"hoverEvent\": {\"action\": \"show_item\", \"contents\": {\"id\": \"minecraft:iron_ingot\"}}}, {\"text\": \"\\uef03\\uff06\\uef03\", \"font\": \"simpledrawer:pages\", \"color\": \"white\"}, {\"text\": \"\\uef03\\uff06\\uef03\", \"font\": \"simpledrawer:pages\", \"color\": \"white\"}, {\"text\": \"\\uef00\\uef00\\uef00\\uef00\", \"font\": \"simpledrawer:pages\", \"color\": \"white\"}, {\"text\": \"\\uef02\\uef02\", \"font\": \"simpledrawer:pages\", \"color\": \"white\", \"hoverEvent\": {\"action\": \"show_item\", \"contents\": {\"id\": \"minecraft:jigsaw\", \"components\": {\"minecraft:item_name\": \"{\\\"translate\\\": \\\"simpledrawer.downgrade_wrench\\\", \\\"color\\\": \\\"white\\\"}\"}}}, \"clickEvent\": {\"action\": \"change_page\", \"value\": \"16\"}}, \"\\n\", {\"text\": \"\\uef00\\uef00\", \"font\": \"simpledrawer:pages\", \"color\": \"white\"}, {\"text\": \"\\uef01\", \"font\": \"simpledrawer:pages\", \"color\": \"white\", \"hoverEvent\": {\"action\": \"show_item\", \"contents\": {\"id\": \"minecraft:iron_ingot\"}}}, {\"text\": \"\\uef01\", \"font\": \"simpledrawer:pages\", \"color\": \"white\"}, {\"text\": \"\\uef01\", \"font\": \"simpledrawer:pages\", \"color\": \"white\"}, \"\\n\", \"\\n\", {\"translate\": \"simpledrawer.guide.downgrade_wrench\", \"color\": \"black\", \"italic\": false}]",
          "[\"\", {\"translate\": \"simpledrawer.guide\", \"font\": \"simpledrawer:medium\", \"color\": \"black\"}, {\"text\": \"\\n\\uef13 \\uef14\\n\", \"font\": \"simpledrawer:pages\", \"color\": \"white\"}, \"\\n\", {\"text\": \"\\uef00\\uef00\", \"font\": \"simpledrawer:pages\", \"color\": \"white\"}, {\"text\": \"\\uef03\\uff0a\\uef03\", \"font\": \"simpledrawer:pages\", \"color\": \"white\", \"hoverEvent\": {\"action\": \"show_item\", \"contents\": {\"id\": \"minecraft:barrel\"}}}, {\"text\": \"\\uef03\\uff10\\uef03\", \"font\": \"simpledrawer:pages\", \"color\": \"white\", \"hoverEvent\": {\"action\": \"show_item\", \"contents\": {\"id\": \"minecraft:iron_nugget\"}}}, {\"text\": \"\\uef03\\uff04\\uef03\", \"font\": \"simpledrawer:pages\", \"color\": \"white\"}, \"\\n\", {\"text\": \"\\uef00\\uef00\", \"font\": \"simpledrawer:pages\", \"color\": \"white\"}, {\"text\": \"\\uef01\", \"font\": \"simpledrawer:pages\", \"color\": \"white\", \"hoverEvent\": {\"action\": \"show_item\", \"contents\": {\"id\": \"minecraft:barrel\"}}}, {\"text\": \"\\uef01\", \"font\": \"simpledrawer:pages\", \"color\": \"white\", \"hoverEvent\": {\"action\": \"show_item\", \"contents\": {\"id\": \"minecraft:iron_nugget\"}}}, {\"text\": \"\\uef01\", \"font\": \"simpledrawer:pages\", \"color\": \"white\"}, {\"text\": \"\\uef00\\uef00\\uef00\\uef00\", \"font\": \"simpledrawer:pages\", \"color\": \"white\"}, {\"text\": \"\\uef02\\uef02\", \"font\": \"simpledrawer:pages\", \"color\": \"white\", \"hoverEvent\": {\"action\": \"show_item\", \"contents\": {\"id\": \"minecraft:written_book\", \"components\": {\"minecraft:item_name\": \"{\\\"translate\\\": \\\"simpledrawer.guide\\\"}\"}}}, \"clickEvent\": {\"action\": \"change_page\", \"value\": \"17\"}}, \"\\n\", {\"text\": \"\\uef00\\uef00\", \"font\": \"simpledrawer:pages\", \"color\": \"white\"}, {\"text\": \"\\uef03\\uff2f\\uef03\", \"font\": \"simpledrawer:pages\", \"color\": \"white\", \"hoverEvent\": {\"action\": \"show_item\", \"contents\": {\"id\": \"minecraft:book\"}}}, {\"text\": \"\\uef03\\uff0e\\uef03\", \"font\": \"simpledrawer:pages\", \"color\": \"white\", \"hoverEvent\": {\"action\": \"show_item\", \"contents\": {\"id\": \"minecraft:oak_planks\"}}}, {\"text\": \"\\uef03\\uff05\\uef03\", \"font\": \"simpledrawer:pages\", \"color\": \"white\"}, {\"text\": \"\\uef00\\uef00\\uef00\\uef00\", \"font\": \"simpledrawer:pages\", \"color\": \"white\"}, {\"text\": \"\\uef00\\uef00\\uef03\\uff5b\\uef00\\uef00\\uef03\\uef00\", \"font\": \"simpledrawer:pages\", \"color\": \"white\", \"hoverEvent\": {\"action\": \"show_item\", \"contents\": {\"id\": \"minecraft:written_book\", \"components\": {\"minecraft:item_name\": \"{\\\"translate\\\": \\\"simpledrawer.guide\\\"}\"}}}, \"clickEvent\": {\"action\": \"change_page\", \"value\": \"17\"}}, \"\\n\", {\"text\": \"\\uef00\\uef00\", \"font\": \"simpledrawer:pages\", \"color\": \"white\"}, {\"text\": \"\\uef01\", \"font\": \"simpledrawer:pages\", \"color\": \"white\", \"hoverEvent\": {\"action\": \"show_item\", \"contents\": {\"id\": \"minecraft:book\"}}}, {\"text\": \"\\uef01\", \"font\": \"simpledrawer:pages\", \"color\": \"white\", \"hoverEvent\": {\"action\": \"show_item\", \"contents\": {\"id\": \"minecraft:oak_planks\"}}}, {\"text\": \"\\uef01\", \"font\": \"simpledrawer:pages\", \"color\": \"white\"}, {\"text\": \"\\uef00\\uef00\\uef00\\uef00\", \"font\": \"simpledrawer:pages\", \"color\": \"white\"}, {\"text\": \"\\uef02\\uef02\", \"font\": \"simpledrawer:pages\", \"color\": \"white\", \"hoverEvent\": {\"action\": \"show_item\", \"contents\": {\"id\": \"minecraft:written_book\", \"components\": {\"minecraft:item_name\": \"{\\\"translate\\\": \\\"simpledrawer.guide\\\"}\"}}}, \"clickEvent\": {\"action\": \"change_page\", \"value\": \"17\"}}, \"\\n\", {\"text\": \"\\uef00\\uef00\", \"font\": \"simpledrawer:pages\", \"color\": \"white\"}, {\"text\": \"\\uef03\\uff06\\uef03\", \"font\": \"simpledrawer:pages\", \"color\": \"white\"}, {\"text\": \"\\uef03\\uff06\\uef03\", \"font\": \"simpledrawer:pages\", \"color\": \"white\"}, {\"text\": \"\\uef03\\uff06\\uef03\", \"font\": \"simpledrawer:pages\", \"color\": \"white\"}, {\"text\": \"\\uef00\\uef00\\uef00\\uef00\", \"font\": \"simpledrawer:pages\", \"color\": \"white\"}, {\"text\": \"\\uef02\\uef02\", \"font\": \"simpledrawer:pages\", \"color\": \"white\", \"hoverEvent\": {\"action\": \"show_item\", \"contents\": {\"id\": \"minecraft:written_book\", \"components\": {\"minecraft:item_name\": \"{\\\"translate\\\": \\\"simpledrawer.guide\\\"}\"}}}, \"clickEvent\": {\"action\": \"change_page\", \"value\": \"17\"}}, \"\\n\", {\"text\": \"\\uef00\\uef00\", \"font\": \"simpledrawer:pages\", \"color\": \"white\"}, {\"text\": \"\\uef01\", \"font\": \"simpledrawer:pages\", \"color\": \"white\"}, {\"text\": \"\\uef01\", \"font\": \"simpledrawer:pages\", \"color\": \"white\"}, {\"text\": \"\\uef01\", \"font\": \"simpledrawer:pages\", \"color\": \"white\"}, \"\\n\", \"\\n\", {\"translate\": \"simpledrawer.guide.guide\", \"color\": \"black\", \"italic\": false}]",
          "[\"\", {\"translate\": \"simpledrawer.project\", \"font\": \"simpledrawer:big\", \"color\": \"black\", \"bold\": true}, {\"text\": \"\\n\\n\", \"font\": \"simpledrawer:pages\", \"color\": \"white\"}, {\"translate\": \"simpledrawer.guide.project_pages\", \"color\": \"black\"}, {\"text\": \"\\n\", \"font\": \"simpledrawer:pages\", \"color\": \"white\"}, {\"text\": \"\\uee01\", \"font\": \"simpledrawer:pages\", \"color\": \"white\", \"hoverEvent\": {\"action\": \"show_text\", \"value\": {\"text\": \"GitHub\"}}, \"clickEvent\": {\"action\": \"open_url\", \"value\": \"https://github.com/edayot/SimpleDrawer\"}}, {\"text\": \"\\uee02\", \"font\": \"simpledrawer:pages\", \"color\": \"white\", \"hoverEvent\": {\"action\": \"show_text\", \"value\": {\"text\": \"Planet Minecraft\"}}, \"clickEvent\": {\"action\": \"open_url\", \"value\": \"https://www.planetminecraft.com/data-pack/simple-drawer/\"}}, {\"text\": \"\\uee03\", \"font\": \"simpledrawer:pages\", \"color\": \"white\", \"hoverEvent\": {\"action\": \"show_text\", \"value\": {\"text\": \"Smithed\"}}, \"clickEvent\": {\"action\": \"open_url\", \"value\": \"https://smithed.net/packs/simpledrawer\"}}, {\"text\": \"\\uee04\", \"font\": \"simpledrawer:pages\", \"color\": \"white\", \"hoverEvent\": {\"action\": \"show_text\", \"value\": {\"text\": \"Modrinth\"}}, \"clickEvent\": {\"action\": \"open_url\", \"value\": \"https://modrinth.com/datapack/simpledrawer\"}}, {\"text\": \"\\n\\uef02\\uef00\\uef00\\uef00\", \"font\": \"simpledrawer:pages\", \"color\": \"white\", \"hoverEvent\": {\"action\": \"show_text\", \"value\": {\"text\": \"GitHub\"}}, \"clickEvent\": {\"action\": \"open_url\", \"value\": \"https://github.com/edayot/SimpleDrawer\"}}, {\"text\": \"\\uef02\\uef00\\uef00\\uef00\", \"font\": \"simpledrawer:pages\", \"color\": \"white\", \"hoverEvent\": {\"action\": \"show_text\", \"value\": {\"text\": \"Planet Minecraft\"}}, \"clickEvent\": {\"action\": \"open_url\", \"value\": \"https://www.planetminecraft.com/data-pack/simple-drawer/\"}}, {\"text\": \"\\uef02\\uef00\\uef00\\uef00\", \"font\": \"simpledrawer:pages\", \"color\": \"white\", \"hoverEvent\": {\"action\": \"show_text\", \"value\": {\"text\": \"Smithed\"}}, \"clickEvent\": {\"action\": \"open_url\", \"value\": \"https://smithed.net/packs/simpledrawer\"}}, {\"text\": \"\\uef02\\uef00\\uef00\\uef00\", \"font\": \"simpledrawer:pages\", \"color\": \"white\", \"hoverEvent\": {\"action\": \"show_text\", \"value\": {\"text\": \"Modrinth\"}}, \"clickEvent\": {\"action\": \"open_url\", \"value\": \"https://modrinth.com/datapack/simpledrawer\"}}, {\"text\": \"\\n\\uef02\\uef00\\uef00\\uef00\", \"font\": \"simpledrawer:pages\", \"color\": \"white\", \"hoverEvent\": {\"action\": \"show_text\", \"value\": {\"text\": \"GitHub\"}}, \"clickEvent\": {\"action\": \"open_url\", \"value\": \"https://github.com/edayot/SimpleDrawer\"}}, {\"text\": \"\\uef02\\uef00\\uef00\\uef00\", \"font\": \"simpledrawer:pages\", \"color\": \"white\", \"hoverEvent\": {\"action\": \"show_text\", \"value\": {\"text\": \"Planet Minecraft\"}}, \"clickEvent\": {\"action\": \"open_url\", \"value\": \"https://www.planetminecraft.com/data-pack/simple-drawer/\"}}, {\"text\": \"\\uef02\\uef00\\uef00\\uef00\", \"font\": \"simpledrawer:pages\", \"color\": \"white\", \"hoverEvent\": {\"action\": \"show_text\", \"value\": {\"text\": \"Smithed\"}}, \"clickEvent\": {\"action\": \"open_url\", \"value\": \"https://smithed.net/packs/simpledrawer\"}}, {\"text\": \"\\uef02\\uef00\\uef00\\uef00\", \"font\": \"simpledrawer:pages\", \"color\": \"white\", \"hoverEvent\": {\"action\": \"show_text\", \"value\": {\"text\": \"Modrinth\"}}, \"clickEvent\": {\"action\": \"open_url\", \"value\": \"https://modrinth.com/datapack/simpledrawer\"}}]"
        ],
        "resolved": false
      },
      "minecraft:item_model": "simpledrawer:guide",
      "minecraft:custom_data": {
        "ctc": {
          "id": "guide",
          "from": "airdox_:simpledrawer"
        },
        "smithed": {
          "id": "airdox_:simpledrawer/guide"
        }
      },
      "minecraft:item_name": "{\"translate\": \"simpledrawer.guide\", \"color\": \"white\"}",
      "minecraft:enchantment_glint_override": false,
      "minecraft:lore": [
        "{\"translate\":\"simpledrawer.name\",\"color\":\"blue\",\"italic\":true}"
      ]
    }
  },
  {
    "function": "minecraft:reference",
    "name": "simpledrawer:v2.4.3/add_versionning"
  }
]
