{
  "textures": {
    "layer0": "simplenergy:block/gui/progress_blocked"
  },
  "display": {
    "firstperson_lefthand": {
      "rotation": [
        0,
        0,
        0
      ],
      "translation": [
        0,
        0,
        0
      ],
      "scale": [
        0,
        0,
        0
      ]
    },
    "ground": {
      "rotation": [
        0,
        0,
        0
      ],
      "translation": [
        0,
        0,
        0
      ],
      "scale": [
        0,
        0,
        0
      ]
    }
  },
  "gui_light": "front",
  "parent": "item/generated"
}
