[{"condition":"minecraft:any_of","terms":[{"condition":"minecraft:location_check","offsetY":-1,"offsetX":-1.2,"predicate":{"block":{"blocks":["minecraft:hopper"]}}},{"condition":"minecraft:location_check","offsetY":1,"offsetX":-1.2,"facing":"down","predicate":{"block":{"blocks":["minecraft:hopper"],"state":{"facing":"down"}}}},{"condition":"minecraft:location_check","offsetZ":-1,"offsetX":-1.2,"facing":"south","predicate":{"block":{"blocks":["minecraft:hopper"],"state":{"facing":"south"}}}},{"condition":"minecraft:location_check","offsetZ":1,"offsetX":-1.2,"facing":"north","predicate":{"block":{"blocks":["minecraft:hopper"],"state":{"facing":"north"}}}},{"condition":"minecraft:location_check","offsetX":-2.2,"facing":"east","predicate":{"block":{"blocks":["minecraft:hopper"],"state":{"facing":"east"}}}},{"condition":"minecraft:location_check","offsetX":-0.19999999999999996,"facing":"west","predicate":{"block":{"blocks":["minecraft:hopper"],"state":{"facing":"west"}}}}]}]