[{"condition":"minecraft:any_of","terms":[{"condition":"minecraft:location_check","offsetY":-1,"offsetZ":1.9,"predicate":{"block":{"blocks":["minecraft:hopper"]}}},{"condition":"minecraft:location_check","offsetY":1,"offsetZ":1.9,"facing":"down","predicate":{"block":{"blocks":["minecraft:hopper"],"state":{"facing":"down"}}}},{"condition":"minecraft:location_check","offsetZ":0.8999999999999999,"facing":"south","predicate":{"block":{"blocks":["minecraft:hopper"],"state":{"facing":"south"}}}},{"condition":"minecraft:location_check","offsetZ":2.9,"facing":"north","predicate":{"block":{"blocks":["minecraft:hopper"],"state":{"facing":"north"}}}},{"condition":"minecraft:location_check","offsetX":-1,"offsetZ":1.9,"facing":"east","predicate":{"block":{"blocks":["minecraft:hopper"],"state":{"facing":"east"}}}},{"condition":"minecraft:location_check","offsetX":1,"offsetZ":1.9,"facing":"west","predicate":{"block":{"blocks":["minecraft:hopper"],"state":{"facing":"west"}}}}]}]