{
  "parent": "minecraft:block/furnace",
  "overrides": [
    {
      "predicate": {
        "custom_model_data": 1430000
      },
      "model": "simpledrawer:block/new_drawer/oak_full_drawers_1"
    },
    {
      "predicate": {
        "custom_model_data": 1430000,
        "trim_type": 0.143
      },
      "model": "simpledrawer:block/new_drawer/oak_full_drawers_1"
    },
    {
      "predicate": {
        "custom_model_data": 1430000,
        "trim_type": 0.143001
      },
      "model": "simpledrawer:block/new_drawer/spruce_full_drawers_1"
    },
    {
      "predicate": {
        "custom_model_data": 1430000,
        "trim_type": 0.143002
      },
      "model": "simpledrawer:block/new_drawer/birch_full_drawers_1"
    },
    {
      "predicate": {
        "custom_model_data": 1430000,
        "trim_type": 0.143003
      },
      "model": "simpledrawer:block/new_drawer/jungle_full_drawers_1"
    },
    {
      "predicate": {
        "custom_model_data": 1430000,
        "trim_type": 0.143004
      },
      "model": "simpledrawer:block/new_drawer/acacia_full_drawers_1"
    },
    {
      "predicate": {
        "custom_model_data": 1430000,
        "trim_type": 0.143005
      },
      "model": "simpledrawer:block/new_drawer/dark_oak_full_drawers_1"
    },
    {
      "predicate": {
        "custom_model_data": 1430000,
        "trim_type": 0.143006
      },
      "model": "simpledrawer:block/new_drawer/mangrove_full_drawers_1"
    },
    {
      "predicate": {
        "custom_model_data": 1430000,
        "trim_type": 0.143007
      },
      "model": "simpledrawer:block/new_drawer/cherry_full_drawers_1"
    },
    {
      "predicate": {
        "custom_model_data": 1430000,
        "trim_type": 0.143008
      },
      "model": "simpledrawer:block/new_drawer/crimson_full_drawers_1"
    },
    {
      "predicate": {
        "custom_model_data": 1430000,
        "trim_type": 0.143009
      },
      "model": "simpledrawer:block/new_drawer/warped_full_drawers_1"
    },
    {
      "predicate": {
        "custom_model_data": 1430000,
        "trim_type": 0.14301
      },
      "model": "simpledrawer:block/new_drawer/bamboo_full_drawers_1"
    },
    {
      "predicate": {
        "custom_model_data": 1430000,
        "trim_type": 0.143011
      },
      "model": "simpledrawer:block/new_drawer/compdrawers_open1"
    },
    {
      "predicate": {
        "custom_model_data": 1430000,
        "trim_type": 0.143012
      },
      "model": "simpledrawer:block/new_drawer/ice_full_drawers_1"
    },
    {
      "predicate": {
        "custom_model_data": 1430001,
        "trim_type": 0.143
      },
      "model": "simpledrawer:block/new_drawer/oak_full_drawers_2"
    },
    {
      "predicate": {
        "custom_model_data": 1430001,
        "trim_type": 0.143001
      },
      "model": "simpledrawer:block/new_drawer/spruce_full_drawers_2"
    },
    {
      "predicate": {
        "custom_model_data": 1430001,
        "trim_type": 0.143002
      },
      "model": "simpledrawer:block/new_drawer/birch_full_drawers_2"
    },
    {
      "predicate": {
        "custom_model_data": 1430001,
        "trim_type": 0.143003
      },
      "model": "simpledrawer:block/new_drawer/jungle_full_drawers_2"
    },
    {
      "predicate": {
        "custom_model_data": 1430001,
        "trim_type": 0.143004
      },
      "model": "simpledrawer:block/new_drawer/acacia_full_drawers_2"
    },
    {
      "predicate": {
        "custom_model_data": 1430001,
        "trim_type": 0.143005
      },
      "model": "simpledrawer:block/new_drawer/dark_oak_full_drawers_2"
    },
    {
      "predicate": {
        "custom_model_data": 1430001,
        "trim_type": 0.143006
      },
      "model": "simpledrawer:block/new_drawer/mangrove_full_drawers_2"
    },
    {
      "predicate": {
        "custom_model_data": 1430001,
        "trim_type": 0.143007
      },
      "model": "simpledrawer:block/new_drawer/cherry_full_drawers_2"
    },
    {
      "predicate": {
        "custom_model_data": 1430001,
        "trim_type": 0.143008
      },
      "model": "simpledrawer:block/new_drawer/crimson_full_drawers_2"
    },
    {
      "predicate": {
        "custom_model_data": 1430001,
        "trim_type": 0.143009
      },
      "model": "simpledrawer:block/new_drawer/warped_full_drawers_2"
    },
    {
      "predicate": {
        "custom_model_data": 1430001,
        "trim_type": 0.14301
      },
      "model": "simpledrawer:block/new_drawer/bamboo_full_drawers_2"
    },
    {
      "predicate": {
        "custom_model_data": 1430001,
        "trim_type": 0.143011
      },
      "model": "simpledrawer:block/new_drawer/compdrawers_open2"
    },
    {
      "predicate": {
        "custom_model_data": 1430001,
        "trim_type": 0.143012
      },
      "model": "simpledrawer:block/new_drawer/ice_full_drawers_2"
    },
    {
      "predicate": {
        "custom_model_data": 1430002,
        "trim_type": 0.143
      },
      "model": "simpledrawer:block/new_drawer/oak_full_drawers_4"
    },
    {
      "predicate": {
        "custom_model_data": 1430002,
        "trim_type": 0.143001
      },
      "model": "simpledrawer:block/new_drawer/spruce_full_drawers_4"
    },
    {
      "predicate": {
        "custom_model_data": 1430002,
        "trim_type": 0.143002
      },
      "model": "simpledrawer:block/new_drawer/birch_full_drawers_4"
    },
    {
      "predicate": {
        "custom_model_data": 1430002,
        "trim_type": 0.143003
      },
      "model": "simpledrawer:block/new_drawer/jungle_full_drawers_4"
    },
    {
      "predicate": {
        "custom_model_data": 1430002,
        "trim_type": 0.143004
      },
      "model": "simpledrawer:block/new_drawer/acacia_full_drawers_4"
    },
    {
      "predicate": {
        "custom_model_data": 1430002,
        "trim_type": 0.143005
      },
      "model": "simpledrawer:block/new_drawer/dark_oak_full_drawers_4"
    },
    {
      "predicate": {
        "custom_model_data": 1430002,
        "trim_type": 0.143006
      },
      "model": "simpledrawer:block/new_drawer/mangrove_full_drawers_4"
    },
    {
      "predicate": {
        "custom_model_data": 1430002,
        "trim_type": 0.143007
      },
      "model": "simpledrawer:block/new_drawer/cherry_full_drawers_4"
    },
    {
      "predicate": {
        "custom_model_data": 1430002,
        "trim_type": 0.143008
      },
      "model": "simpledrawer:block/new_drawer/crimson_full_drawers_4"
    },
    {
      "predicate": {
        "custom_model_data": 1430002,
        "trim_type": 0.143009
      },
      "model": "simpledrawer:block/new_drawer/warped_full_drawers_4"
    },
    {
      "predicate": {
        "custom_model_data": 1430002,
        "trim_type": 0.14301
      },
      "model": "simpledrawer:block/new_drawer/bamboo_full_drawers_4"
    },
    {
      "predicate": {
        "custom_model_data": 1430002,
        "trim_type": 0.143011
      },
      "model": "simpledrawer:block/new_drawer/compdrawers_open3"
    },
    {
      "predicate": {
        "custom_model_data": 1430002,
        "trim_type": 0.143012
      },
      "model": "simpledrawer:block/new_drawer/ice_full_drawers_4"
    },
    {
      "predicate": {
        "custom_model_data": 1430003,
        "trim_type": 0.143
      },
      "model": "simpledrawer:block/new_drawer/oak_full_drawers_1_tapped"
    },
    {
      "predicate": {
        "custom_model_data": 1430003,
        "trim_type": 0.143001
      },
      "model": "simpledrawer:block/new_drawer/spruce_full_drawers_1_tapped"
    },
    {
      "predicate": {
        "custom_model_data": 1430003,
        "trim_type": 0.143002
      },
      "model": "simpledrawer:block/new_drawer/birch_full_drawers_1_tapped"
    },
    {
      "predicate": {
        "custom_model_data": 1430003,
        "trim_type": 0.143003
      },
      "model": "simpledrawer:block/new_drawer/jungle_full_drawers_1_tapped"
    },
    {
      "predicate": {
        "custom_model_data": 1430003,
        "trim_type": 0.143004
      },
      "model": "simpledrawer:block/new_drawer/acacia_full_drawers_1_tapped"
    },
    {
      "predicate": {
        "custom_model_data": 1430003,
        "trim_type": 0.143005
      },
      "model": "simpledrawer:block/new_drawer/dark_oak_full_drawers_1_tapped"
    },
    {
      "predicate": {
        "custom_model_data": 1430003,
        "trim_type": 0.143006
      },
      "model": "simpledrawer:block/new_drawer/mangrove_full_drawers_1_tapped"
    },
    {
      "predicate": {
        "custom_model_data": 1430003,
        "trim_type": 0.143007
      },
      "model": "simpledrawer:block/new_drawer/cherry_full_drawers_1_tapped"
    },
    {
      "predicate": {
        "custom_model_data": 1430003,
        "trim_type": 0.143008
      },
      "model": "simpledrawer:block/new_drawer/crimson_full_drawers_1_tapped"
    },
    {
      "predicate": {
        "custom_model_data": 1430003,
        "trim_type": 0.143009
      },
      "model": "simpledrawer:block/new_drawer/warped_full_drawers_1_tapped"
    },
    {
      "predicate": {
        "custom_model_data": 1430003,
        "trim_type": 0.14301
      },
      "model": "simpledrawer:block/new_drawer/bamboo_full_drawers_1_tapped"
    },
    {
      "predicate": {
        "custom_model_data": 1430003,
        "trim_type": 0.143011
      },
      "model": "simpledrawer:block/new_drawer/compdrawers_open1_tapped"
    },
    {
      "predicate": {
        "custom_model_data": 1430003,
        "trim_type": 0.143012
      },
      "model": "simpledrawer:block/new_drawer/ice_full_drawers_1_tapped"
    },
    {
      "predicate": {
        "custom_model_data": 1430004,
        "trim_type": 0.143
      },
      "model": "simpledrawer:block/new_drawer/oak_full_drawers_2_tapped"
    },
    {
      "predicate": {
        "custom_model_data": 1430004,
        "trim_type": 0.143001
      },
      "model": "simpledrawer:block/new_drawer/spruce_full_drawers_2_tapped"
    },
    {
      "predicate": {
        "custom_model_data": 1430004,
        "trim_type": 0.143002
      },
      "model": "simpledrawer:block/new_drawer/birch_full_drawers_2_tapped"
    },
    {
      "predicate": {
        "custom_model_data": 1430004,
        "trim_type": 0.143003
      },
      "model": "simpledrawer:block/new_drawer/jungle_full_drawers_2_tapped"
    },
    {
      "predicate": {
        "custom_model_data": 1430004,
        "trim_type": 0.143004
      },
      "model": "simpledrawer:block/new_drawer/acacia_full_drawers_2_tapped"
    },
    {
      "predicate": {
        "custom_model_data": 1430004,
        "trim_type": 0.143005
      },
      "model": "simpledrawer:block/new_drawer/dark_oak_full_drawers_2_tapped"
    },
    {
      "predicate": {
        "custom_model_data": 1430004,
        "trim_type": 0.143006
      },
      "model": "simpledrawer:block/new_drawer/mangrove_full_drawers_2_tapped"
    },
    {
      "predicate": {
        "custom_model_data": 1430004,
        "trim_type": 0.143007
      },
      "model": "simpledrawer:block/new_drawer/cherry_full_drawers_2_tapped"
    },
    {
      "predicate": {
        "custom_model_data": 1430004,
        "trim_type": 0.143008
      },
      "model": "simpledrawer:block/new_drawer/crimson_full_drawers_2_tapped"
    },
    {
      "predicate": {
        "custom_model_data": 1430004,
        "trim_type": 0.143009
      },
      "model": "simpledrawer:block/new_drawer/warped_full_drawers_2_tapped"
    },
    {
      "predicate": {
        "custom_model_data": 1430004,
        "trim_type": 0.14301
      },
      "model": "simpledrawer:block/new_drawer/bamboo_full_drawers_2_tapped"
    },
    {
      "predicate": {
        "custom_model_data": 1430004,
        "trim_type": 0.143011
      },
      "model": "simpledrawer:block/new_drawer/compdrawers_open2_tapped"
    },
    {
      "predicate": {
        "custom_model_data": 1430004,
        "trim_type": 0.143012
      },
      "model": "simpledrawer:block/new_drawer/ice_full_drawers_2_tapped"
    },
    {
      "predicate": {
        "custom_model_data": 1430005,
        "trim_type": 0.143
      },
      "model": "simpledrawer:block/new_drawer/oak_full_drawers_4_tapped"
    },
    {
      "predicate": {
        "custom_model_data": 1430005,
        "trim_type": 0.143001
      },
      "model": "simpledrawer:block/new_drawer/spruce_full_drawers_4_tapped"
    },
    {
      "predicate": {
        "custom_model_data": 1430005,
        "trim_type": 0.143002
      },
      "model": "simpledrawer:block/new_drawer/birch_full_drawers_4_tapped"
    },
    {
      "predicate": {
        "custom_model_data": 1430005,
        "trim_type": 0.143003
      },
      "model": "simpledrawer:block/new_drawer/jungle_full_drawers_4_tapped"
    },
    {
      "predicate": {
        "custom_model_data": 1430005,
        "trim_type": 0.143004
      },
      "model": "simpledrawer:block/new_drawer/acacia_full_drawers_4_tapped"
    },
    {
      "predicate": {
        "custom_model_data": 1430005,
        "trim_type": 0.143005
      },
      "model": "simpledrawer:block/new_drawer/dark_oak_full_drawers_4_tapped"
    },
    {
      "predicate": {
        "custom_model_data": 1430005,
        "trim_type": 0.143006
      },
      "model": "simpledrawer:block/new_drawer/mangrove_full_drawers_4_tapped"
    },
    {
      "predicate": {
        "custom_model_data": 1430005,
        "trim_type": 0.143007
      },
      "model": "simpledrawer:block/new_drawer/cherry_full_drawers_4_tapped"
    },
    {
      "predicate": {
        "custom_model_data": 1430005,
        "trim_type": 0.143008
      },
      "model": "simpledrawer:block/new_drawer/crimson_full_drawers_4_tapped"
    },
    {
      "predicate": {
        "custom_model_data": 1430005,
        "trim_type": 0.143009
      },
      "model": "simpledrawer:block/new_drawer/warped_full_drawers_4_tapped"
    },
    {
      "predicate": {
        "custom_model_data": 1430005,
        "trim_type": 0.14301
      },
      "model": "simpledrawer:block/new_drawer/bamboo_full_drawers_4_tapped"
    },
    {
      "predicate": {
        "custom_model_data": 1430005,
        "trim_type": 0.143011
      },
      "model": "simpledrawer:block/new_drawer/compdrawers_open3_tapped"
    },
    {
      "predicate": {
        "custom_model_data": 1430005,
        "trim_type": 0.143012
      },
      "model": "simpledrawer:block/new_drawer/ice_full_drawers_4_tapped"
    },
    {
      "predicate": {
        "custom_model_data": 2012000
      },
      "model": "simplenergy:block/simplunium_block"
    },
    {
      "predicate": {
        "custom_model_data": 2012001
      },
      "model": "simplenergy:block/simplunium_ore"
    },
    {
      "predicate": {
        "custom_model_data": 2012002
      },
      "model": "simplenergy:block/deepslate_simplunium_ore"
    },
    {
      "predicate": {
        "custom_model_data": 2012003
      },
      "model": "simplenergy:block/raw_simplunium_block"
    },
    {
      "predicate": {
        "custom_model_data": 2012019
      },
      "model": "simplenergy:block/simple_battery"
    },
    {
      "predicate": {
        "custom_model_data": 2012020
      },
      "model": "simplenergy:block/advanced_battery"
    },
    {
      "predicate": {
        "custom_model_data": 2012021
      },
      "model": "simplenergy:block/elite_battery"
    },
    {
      "predicate": {
        "custom_model_data": 2012022
      },
      "model": "simplenergy:block/creative_battery"
    },
    {
      "predicate": {
        "custom_model_data": 2012023
      },
      "model": "simplenergy:block/furnace_generator"
    },
    {
      "predicate": {
        "custom_model_data": 2012024
      },
      "model": "simplenergy:block/furnace_generator_on"
    },
    {
      "predicate": {
        "custom_model_data": 2012025
      },
      "model": "simplenergy:block/solar_panel"
    },
    {
      "predicate": {
        "custom_model_data": 2012026
      },
      "model": "simplenergy:block/electric_furnace"
    },
    {
      "predicate": {
        "custom_model_data": 2012027
      },
      "model": "simplenergy:block/electric_furnace_on"
    },
    {
      "predicate": {
        "custom_model_data": 2012028
      },
      "model": "simplenergy:block/electric_smelter"
    },
    {
      "predicate": {
        "custom_model_data": 2012029
      },
      "model": "simplenergy:block/electric_smelter_on"
    },
    {
      "predicate": {
        "custom_model_data": 2012030
      },
      "model": "simplenergy:block/electric_brewing_stand"
    },
    {
      "predicate": {
        "custom_model_data": 2012031
      },
      "model": "simplenergy:block/electric_brewing_stand_on"
    },
    {
      "predicate": {
        "custom_model_data": 2012032
      },
      "model": "simplenergy:block/cauldron_generator"
    },
    {
      "predicate": {
        "custom_model_data": 2012043
      },
      "model": "simplenergy:block/pulverizer"
    },
    {
      "predicate": {
        "custom_model_data": 2012044
      },
      "model": "simplenergy:block/pulverizer_on"
    },
    {
      "predicate": {
        "custom_model_data": 4250001
      },
      "model": "smithed.crafter:block/table"
    }
  ]
}
