{
  "criteria": {
    "requirement": {
      "trigger": "minecraft:inventory_changed",
      "conditions": {
        "items": [
          {
            "items": "minecraft:crossbow",
            "predicates": {
              "minecraft:custom_data": "{grappling_hook:1b}"
            }
          }
        ],
        "player": [
          {
            "condition": "minecraft:value_check",
            "value": {
              "type": "minecraft:score",
              "target": {
                "type": "minecraft:fixed",
                "name": "#grappling_hook.major"
              },
              "score": "load.status"
            },
            "range": 1
          },
          {
            "condition": "minecraft:value_check",
            "value": {
              "type": "minecraft:score",
              "target": {
                "type": "minecraft:fixed",
                "name": "#grappling_hook.minor"
              },
              "score": "load.status"
            },
            "range": 3
          },
          {
            "condition": "minecraft:value_check",
            "value": {
              "type": "minecraft:score",
              "target": {
                "type": "minecraft:fixed",
                "name": "#grappling_hook.patch"
              },
              "score": "load.status"
            },
            "range": 0
          }
        ]
      }
    }
  },
  "rewards": {
    "function": "grappling_hook:v1.3.0/grappling_hook/check_enchantments"
  }
}
