{"display":{"title":{"translate":"simpledrawer.advancement.upgrade.diamond.title"},"description":{"translate":"simpledrawer.advancement.upgrade.description","with":[{"translate":"simpledrawer.advancement.diamond"}]},"icon":{"id":"minecraft:jigsaw","components":{"minecraft:item_model":"simpledrawer:diamond_upgrade"}},"frame":"task","show_toast":true,"announce_to_chat":true,"hidden":false},"criteria":{"Use diamond upgrade":{"trigger":"minecraft:impossible","conditions":{"player":[{"condition":"minecraft:value_check","value":{"type":"minecraft:score","target":{"type":"minecraft:fixed","name":"#simpledrawer.major"},"score":"load.status"},"range":2},{"condition":"minecraft:value_check","value":{"type":"minecraft:score","target":{"type":"minecraft:fixed","name":"#simpledrawer.minor"},"score":"load.status"},"range":4},{"condition":"minecraft:value_check","value":{"type":"minecraft:score","target":{"type":"minecraft:fixed","name":"#simpledrawer.patch"},"score":"load.status"},"range":3}]}}},"parent":"simpledrawer:display/upgrade/gold"}