{
	"display": {
		"icon": { "item": "minecraft:command_block", "nbt": "{CustomModelData:2013163}" },
		"title": { "text": "Increasing Melee Damage III", "color": "aqua" },
		"description": { "text": "Get a level 3 Damage Artifact", "color": "green" },
		"frame": "task",
		"show_toast": true,
		"announce_to_chat": true,
		"hidden": false
	},
	"parent": "stardust:visible/adventure/artifacts/damage_lv2",
	"criteria": { "requirement": {
		"trigger": "minecraft:inventory_changed",
		"conditions": { "items": [{
			"tag": "stardust:items",
			"nbt": "{stardust:{damage_artifact_lv3:1b}}"
		}]}
	}}
}
