{
	"display": {
		"icon": { "item": "minecraft:command_block", "nbt": "{CustomModelData:2013167}" },
		"title": { "text": "Increasing Base Speed IV" },
		"description": { "text": "Get a maxed out Speed Artifact", "color": "green" },
		"frame": "challenge",
		"show_toast": true,
		"announce_to_chat": true,
		"hidden": false
	},
	"parent": "stardust:visible/adventure/artifacts/speed_lv3",
	"criteria": { "requirement": {
		"trigger": "minecraft:inventory_changed",
		"conditions": { "items": [{
			"tag": "stardust:items",
			"nbt": "{stardust:{speed_artifact_lvmax:1b}}"
		}]}
	}}
}
