{
  "pools": [
    {
      "rolls": 1,
      "entries": [
        {
          "type": "minecraft:item",
          "name": "minecraft:furnace",
          "functions": [
            {
              "function": "minecraft:set_components",
              "components": {
                "minecraft:item_name": "{\"translate\":\"block.smithed.crafter\",\"italic\":false}",
                "minecraft:item_model": "smithed.crafter:table",
                "minecraft:container": [
                  {
                    "slot": 0,
                    "item": {
                      "id": "minecraft:stone",
                      "count": 1,
                      "components": {
                        "minecraft:custom_data": {
                          "smithed": {
                            "block": {
                              "id": "smithed:crafter"
                            }
                          }
                        }
                      }
                    }
                  }
                ],
                "minecraft:custom_data": {
                  "smithed": {
                    "id": "smithed:crafter"
                  }
                }
              }
            }
          ]
        }
      ]
    }
  ]
}
