{
	"display": {
		"icon": { "item": "minecraft:command_block", "nbt": "{CustomModelData:2013169}" },
		"title": { "text": "Attracting items", "color": "aqua" },
		"description": { "text": "Get an Item Magnet", "color": "green" },
		"frame": "task",
		"show_toast": true,
		"announce_to_chat": true,
		"hidden": false
	},
	"parent": "stardust:visible/adventure/use_awakened_forge",
	"criteria": { "requirement": {
		"trigger": "minecraft:inventory_changed",
		"conditions": { "items": [{
			"tag": "stardust:items",
			"nbt": "{stardust:{item_magnet:1b}}"
		}]}
	}}
}
