{"pools":[{"rolls":1,"bonus_rolls":0,"entries":[{"type":"minecraft:item","name":"minecraft:jigsaw","functions":[{"function":"minecraft:set_components","components":{"minecraft:item_name":"{\"translate\":\"simpledrawer.hopper_upgrade\",\"color\":\"white\",\"italic\":false}","minecraft:lore":["{\"translate\":\"simpledrawer.name\",\"color\":\"blue\",\"italic\":true}"],"minecraft:item_model":"simpledrawer:hopper_upgrade","minecraft:custom_data":{"ctc":{"id":"hopper_upgrade","from":"airdox_:simpledrawer","traits":{"item":1}},"simpledrawer":{"upgrade":1},"smithed":{"id":"airdox_:simpledrawer/hopper_upgrade"}}}},{"function":"minecraft:reference","name":"simpledrawer:v2.4.3/add_versionning"}]}]}]}