{
  "function": "minecraft:set_components",
  "components": {
    "minecraft:written_book_content": {
      "title": "Guide",
      "author": "AirDox_",
      "pages": [
        "[\"\", {\"translate\": \"grappling_hook.name\", \"font\": \"grappling_hook:big_font\"}, \"\\n\\n\", {\"translate\": \"grappling_hook.guide.first_page\"}, \"\", {\"translate\": \"\", \"font\": \"grappling_hook:medium_font\"}, \"\\n\\n\", {\"text\": \"\\uf8f3\\ue072\\uf8f3\", \"font\": \"grappling_hook:pages\", \"color\": \"white\", \"hoverEvent\": {\"action\": \"show_item\", \"contents\": {\"id\": \"minecraft:furnace\", \"components\": {\"minecraft:item_name\": \"{\\\"translate\\\": \\\"block.smithed.crafter\\\"}\"}}}, \"clickEvent\": {\"action\": \"change_page\", \"value\": \"2\"}}, {\"text\": \"\\uf8f3\\ue062\\uf8f3\", \"font\": \"grappling_hook:pages\", \"color\": \"white\", \"hoverEvent\": {\"action\": \"show_item\", \"contents\": {\"id\": \"minecraft:crossbow\", \"components\": {\"minecraft:item_name\": \"{\\\"translate\\\": \\\"grappling_hook.item.basic_grappling_hook\\\", \\\"color\\\": \\\"white\\\", \\\"fallback\\\": \\\"Basic Grappling hook\\\"}\", \"minecraft:lore\": [\"{\\\"translate\\\": \\\"grappling_hook.name\\\", \\\"color\\\": \\\"blue\\\", \\\"italic\\\": true}\"]}}}, \"clickEvent\": {\"action\": \"change_page\", \"value\": \"3\"}}, {\"text\": \"\\uf8f3\\ue066\\uf8f3\", \"font\": \"grappling_hook:pages\", \"color\": \"white\", \"hoverEvent\": {\"action\": \"show_item\", \"contents\": {\"id\": \"minecraft:crossbow\", \"components\": {\"minecraft:item_name\": \"{\\\"translate\\\": \\\"grappling_hook.item.normal_grappling_hook\\\", \\\"color\\\": \\\"white\\\", \\\"fallback\\\": \\\"Normal Grappling hook\\\"}\", \"minecraft:lore\": [\"{\\\"translate\\\": \\\"grappling_hook.name\\\", \\\"color\\\": \\\"blue\\\", \\\"italic\\\": true}\"]}}}, \"clickEvent\": {\"action\": \"change_page\", \"value\": \"4\"}}, {\"text\": \"\\uf8f3\\ue06a\\uf8f3\", \"font\": \"grappling_hook:pages\", \"color\": \"white\", \"hoverEvent\": {\"action\": \"show_item\", \"contents\": {\"id\": \"minecraft:crossbow\", \"components\": {\"minecraft:item_name\": \"{\\\"translate\\\": \\\"grappling_hook.item.advanced_grappling_hook\\\", \\\"color\\\": \\\"white\\\", \\\"fallback\\\": \\\"Advanced Grappling hook\\\"}\", \"minecraft:lore\": [\"{\\\"translate\\\": \\\"grappling_hook.name\\\", \\\"color\\\": \\\"blue\\\", \\\"italic\\\": true}\"]}}}, \"clickEvent\": {\"action\": \"change_page\", \"value\": \"5\"}}, {\"text\": \"\\uf8f3\\ue06e\\uf8f3\", \"font\": \"grappling_hook:pages\", \"color\": \"white\", \"hoverEvent\": {\"action\": \"show_item\", \"contents\": {\"id\": \"minecraft:written_book\", \"components\": {\"minecraft:item_name\": \"{\\\"translate\\\": \\\"grappling_hook.item.guide\\\", \\\"color\\\": \\\"white\\\", \\\"fallback\\\": \\\"Guide\\\"}\", \"minecraft:lore\": [\"{\\\"translate\\\": \\\"grappling_hook.name\\\", \\\"color\\\": \\\"blue\\\", \\\"italic\\\": true}\"]}}}, \"clickEvent\": {\"action\": \"change_page\", \"value\": \"6\"}}, \"\\n\", {\"text\": \"\\uf8f1\", \"font\": \"grappling_hook:pages\", \"color\": \"white\", \"hoverEvent\": {\"action\": \"show_item\", \"contents\": {\"id\": \"minecraft:furnace\", \"components\": {\"minecraft:item_name\": \"{\\\"translate\\\": \\\"block.smithed.crafter\\\"}\"}}}, \"clickEvent\": {\"action\": \"change_page\", \"value\": \"2\"}}, {\"text\": \"\\uf8f1\", \"font\": \"grappling_hook:pages\", \"color\": \"white\", \"hoverEvent\": {\"action\": \"show_item\", \"contents\": {\"id\": \"minecraft:crossbow\", \"components\": {\"minecraft:item_name\": \"{\\\"translate\\\": \\\"grappling_hook.item.basic_grappling_hook\\\", \\\"color\\\": \\\"white\\\", \\\"fallback\\\": \\\"Basic Grappling hook\\\"}\", \"minecraft:lore\": [\"{\\\"translate\\\": \\\"grappling_hook.name\\\", \\\"color\\\": \\\"blue\\\", \\\"italic\\\": true}\"]}}}, \"clickEvent\": {\"action\": \"change_page\", \"value\": \"3\"}}, {\"text\": \"\\uf8f1\", \"font\": \"grappling_hook:pages\", \"color\": \"white\", \"hoverEvent\": {\"action\": \"show_item\", \"contents\": {\"id\": \"minecraft:crossbow\", \"components\": {\"minecraft:item_name\": \"{\\\"translate\\\": \\\"grappling_hook.item.normal_grappling_hook\\\", \\\"color\\\": \\\"white\\\", \\\"fallback\\\": \\\"Normal Grappling hook\\\"}\", \"minecraft:lore\": [\"{\\\"translate\\\": \\\"grappling_hook.name\\\", \\\"color\\\": \\\"blue\\\", \\\"italic\\\": true}\"]}}}, \"clickEvent\": {\"action\": \"change_page\", \"value\": \"4\"}}, {\"text\": \"\\uf8f1\", \"font\": \"grappling_hook:pages\", \"color\": \"white\", \"hoverEvent\": {\"action\": \"show_item\", \"contents\": {\"id\": \"minecraft:crossbow\", \"components\": {\"minecraft:item_name\": \"{\\\"translate\\\": \\\"grappling_hook.item.advanced_grappling_hook\\\", \\\"color\\\": \\\"white\\\", \\\"fallback\\\": \\\"Advanced Grappling hook\\\"}\", \"minecraft:lore\": [\"{\\\"translate\\\": \\\"grappling_hook.name\\\", \\\"color\\\": \\\"blue\\\", \\\"italic\\\": true}\"]}}}, \"clickEvent\": {\"action\": \"change_page\", \"value\": \"5\"}}, {\"text\": \"\\uf8f1\", \"font\": \"grappling_hook:pages\", \"color\": \"white\", \"hoverEvent\": {\"action\": \"show_item\", \"contents\": {\"id\": \"minecraft:written_book\", \"components\": {\"minecraft:item_name\": \"{\\\"translate\\\": \\\"grappling_hook.item.guide\\\", \\\"color\\\": \\\"white\\\", \\\"fallback\\\": \\\"Guide\\\"}\", \"minecraft:lore\": [\"{\\\"translate\\\": \\\"grappling_hook.name\\\", \\\"color\\\": \\\"blue\\\", \\\"italic\\\": true}\"]}}}, \"clickEvent\": {\"action\": \"change_page\", \"value\": \"6\"}}, \"\\n\"]",
        "[\"\", {\"translate\": \"block.smithed.crafter\", \"font\": \"grappling_hook:medium_font\", \"color\": \"black\"}, \"\\n\", \"\\n\", {\"text\": \"\\uf8f7 \\uf8f4\\n\", \"font\": \"grappling_hook:pages\", \"color\": \"white\"}, {\"text\": \"\\uf8f0\\uf8f0\", \"font\": \"grappling_hook:pages\", \"color\": \"white\"}, {\"text\": \"\\uf8f3\\ue09e\\uf8f3\", \"font\": \"grappling_hook:pages\", \"color\": \"white\", \"hoverEvent\": {\"action\": \"show_item\", \"contents\": {\"id\": \"minecraft:oak_log\"}}}, {\"text\": \"\\uf8f3\\ue09e\\uf8f3\", \"font\": \"grappling_hook:pages\", \"color\": \"white\", \"hoverEvent\": {\"action\": \"show_item\", \"contents\": {\"id\": \"minecraft:oak_log\"}}}, {\"text\": \"\\uf8f3\\ue09e\\uf8f3\", \"font\": \"grappling_hook:pages\", \"color\": \"white\", \"hoverEvent\": {\"action\": \"show_item\", \"contents\": {\"id\": \"minecraft:oak_log\"}}}, \"\\n\", {\"text\": \"\\uf8f0\\uf8f0\", \"font\": \"grappling_hook:pages\", \"color\": \"white\"}, {\"text\": \"\\uf8f1\", \"font\": \"grappling_hook:pages\", \"color\": \"white\", \"hoverEvent\": {\"action\": \"show_item\", \"contents\": {\"id\": \"minecraft:oak_log\"}}}, {\"text\": \"\\uf8f1\", \"font\": \"grappling_hook:pages\", \"color\": \"white\", \"hoverEvent\": {\"action\": \"show_item\", \"contents\": {\"id\": \"minecraft:oak_log\"}}}, {\"text\": \"\\uf8f1\", \"font\": \"grappling_hook:pages\", \"color\": \"white\", \"hoverEvent\": {\"action\": \"show_item\", \"contents\": {\"id\": \"minecraft:oak_log\"}}}, {\"text\": \"\\uf8f0\\uf8f3\\uf8f3\\uf8f3\\uf8f3\\uf8f3\\uf8f3\\uf8f3\\uf8f3\", \"font\": \"grappling_hook:pages\", \"color\": \"white\"}, {\"text\": \"\\uf8f2\\uf8f2\", \"font\": \"grappling_hook:pages\", \"color\": \"white\", \"hoverEvent\": {\"action\": \"show_item\", \"contents\": {\"id\": \"minecraft:furnace\", \"components\": {\"minecraft:item_name\": \"{\\\"translate\\\": \\\"block.smithed.crafter\\\"}\"}}}}, \"\\n\", {\"text\": \"\\uf8f0\\uf8f0\", \"font\": \"grappling_hook:pages\", \"color\": \"white\"}, {\"text\": \"\\uf8f3\\ue09f\\uf8f3\", \"font\": \"grappling_hook:pages\", \"color\": \"white\", \"hoverEvent\": {\"action\": \"show_item\", \"contents\": {\"id\": \"minecraft:oak_log\"}}}, {\"text\": \"\\uf8f3\\ue0a3\\uf8f3\", \"font\": \"grappling_hook:pages\", \"color\": \"white\", \"hoverEvent\": {\"action\": \"show_item\", \"contents\": {\"id\": \"minecraft:crafting_table\"}}}, {\"text\": \"\\uf8f3\\ue09f\\uf8f3\", \"font\": \"grappling_hook:pages\", \"color\": \"white\", \"hoverEvent\": {\"action\": \"show_item\", \"contents\": {\"id\": \"minecraft:oak_log\"}}}, {\"text\": \"\\uf8f0\\uf8f3\\uf8f3\\uf8f3\\uf8f3\\uf8f3\\uf8f3\\uf8f3\\uf8f3\", \"font\": \"grappling_hook:pages\", \"color\": \"white\"}, {\"text\": \"\\uf8f3\\uf8f3\\uf8f3\\uf8f3\\uf8f3\\uf8f3\\uf8f3\\uf8f3\\ue072\\uf8f3\\uf8f3\\uf8f3\\uf8f3\\uf8f3\\uf8f3\\uf8f3\\uf8f3\", \"font\": \"grappling_hook:pages\", \"color\": \"white\", \"hoverEvent\": {\"action\": \"show_item\", \"contents\": {\"id\": \"minecraft:furnace\", \"components\": {\"minecraft:item_name\": \"{\\\"translate\\\": \\\"block.smithed.crafter\\\"}\"}}}}, \"\\n\", {\"text\": \"\\uf8f0\\uf8f0\", \"font\": \"grappling_hook:pages\", \"color\": \"white\"}, {\"text\": \"\\uf8f1\", \"font\": \"grappling_hook:pages\", \"color\": \"white\", \"hoverEvent\": {\"action\": \"show_item\", \"contents\": {\"id\": \"minecraft:oak_log\"}}}, {\"text\": \"\\uf8f1\", \"font\": \"grappling_hook:pages\", \"color\": \"white\", \"hoverEvent\": {\"action\": \"show_item\", \"contents\": {\"id\": \"minecraft:crafting_table\"}}}, {\"text\": \"\\uf8f1\", \"font\": \"grappling_hook:pages\", \"color\": \"white\", \"hoverEvent\": {\"action\": \"show_item\", \"contents\": {\"id\": \"minecraft:oak_log\"}}}, {\"text\": \"\\uf8f0\\uf8f3\\uf8f3\\uf8f3\\uf8f3\\uf8f3\\uf8f3\\uf8f3\\uf8f3\", \"font\": \"grappling_hook:pages\", \"color\": \"white\"}, {\"text\": \"\\uf8f2\\uf8f2\", \"font\": \"grappling_hook:pages\", \"color\": \"white\", \"hoverEvent\": {\"action\": \"show_item\", \"contents\": {\"id\": \"minecraft:furnace\", \"components\": {\"minecraft:item_name\": \"{\\\"translate\\\": \\\"block.smithed.crafter\\\"}\"}}}}, \"\\n\", {\"text\": \"\\uf8f0\\uf8f0\", \"font\": \"grappling_hook:pages\", \"color\": \"white\"}, {\"text\": \"\\uf8f3\\ue0a8\\uf8f3\", \"font\": \"grappling_hook:pages\", \"color\": \"white\", \"hoverEvent\": {\"action\": \"show_item\", \"contents\": {\"id\": \"minecraft:smooth_stone\"}}}, {\"text\": \"\\uf8f3\\ue0a8\\uf8f3\", \"font\": \"grappling_hook:pages\", \"color\": \"white\", \"hoverEvent\": {\"action\": \"show_item\", \"contents\": {\"id\": \"minecraft:smooth_stone\"}}}, {\"text\": \"\\uf8f3\\ue0a8\\uf8f3\", \"font\": \"grappling_hook:pages\", \"color\": \"white\", \"hoverEvent\": {\"action\": \"show_item\", \"contents\": {\"id\": \"minecraft:smooth_stone\"}}}, {\"text\": \"\\uf8f0\\uf8f3\\uf8f3\\uf8f3\\uf8f3\\uf8f3\\uf8f3\\uf8f3\\uf8f3\", \"font\": \"grappling_hook:pages\", \"color\": \"white\"}, {\"text\": \"\\uf8f2\\uf8f2\", \"font\": \"grappling_hook:pages\", \"color\": \"white\", \"hoverEvent\": {\"action\": \"show_item\", \"contents\": {\"id\": \"minecraft:furnace\", \"components\": {\"minecraft:item_name\": \"{\\\"translate\\\": \\\"block.smithed.crafter\\\"}\"}}}}, \"\\n\", {\"text\": \"\\uf8f0\\uf8f0\", \"font\": \"grappling_hook:pages\", \"color\": \"white\"}, {\"text\": \"\\uf8f1\", \"font\": \"grappling_hook:pages\", \"color\": \"white\", \"hoverEvent\": {\"action\": \"show_item\", \"contents\": {\"id\": \"minecraft:smooth_stone\"}}}, {\"text\": \"\\uf8f1\", \"font\": \"grappling_hook:pages\", \"color\": \"white\", \"hoverEvent\": {\"action\": \"show_item\", \"contents\": {\"id\": \"minecraft:smooth_stone\"}}}, {\"text\": \"\\uf8f1\", \"font\": \"grappling_hook:pages\", \"color\": \"white\", \"hoverEvent\": {\"action\": \"show_item\", \"contents\": {\"id\": \"minecraft:smooth_stone\"}}}, \"\\n\", \"\\n\", {\"translate\": \"grappling_hook.guide.heavy_workbench\", \"color\": \"black\", \"fallback\": \"It's a crafting table that allows you to craft Grappling Hook items.\"}]",
        "[\"\", {\"translate\": \"grappling_hook.item.basic_grappling_hook\", \"color\": \"black\", \"fallback\": \"Basic Grappling hook\", \"font\": \"grappling_hook:medium_font\"}, \"\\n\", \"\\n\", {\"text\": \"\\uf8f7 \\uf8f4\\n\", \"font\": \"grappling_hook:pages\", \"color\": \"white\"}, {\"text\": \"\\uf8f0\\uf8f0\", \"font\": \"grappling_hook:pages\", \"color\": \"white\"}, {\"text\": \"\\uf8f3\\ue07e\\uf8f3\", \"font\": \"grappling_hook:pages\", \"color\": \"white\", \"hoverEvent\": {\"action\": \"show_item\", \"contents\": {\"id\": \"minecraft:cobblestone\"}}}, {\"text\": \"\\uf8f3\\ue07e\\uf8f3\", \"font\": \"grappling_hook:pages\", \"color\": \"white\", \"hoverEvent\": {\"action\": \"show_item\", \"contents\": {\"id\": \"minecraft:cobblestone\"}}}, {\"text\": \"\\uf8f1\", \"font\": \"grappling_hook:pages\", \"color\": \"white\"}, \"\\n\", {\"text\": \"\\uf8f0\\uf8f0\", \"font\": \"grappling_hook:pages\", \"color\": \"white\"}, {\"text\": \"\\uf8f1\", \"font\": \"grappling_hook:pages\", \"color\": \"white\", \"hoverEvent\": {\"action\": \"show_item\", \"contents\": {\"id\": \"minecraft:cobblestone\"}}}, {\"text\": \"\\uf8f1\", \"font\": \"grappling_hook:pages\", \"color\": \"white\", \"hoverEvent\": {\"action\": \"show_item\", \"contents\": {\"id\": \"minecraft:cobblestone\"}}}, {\"text\": \"\\uf8f1\", \"font\": \"grappling_hook:pages\", \"color\": \"white\"}, {\"text\": \"\\uf8f0\\uf8f3\\uf8f3\\uf8f3\\uf8f3\\uf8f3\\uf8f3\\uf8f3\\uf8f3\", \"font\": \"grappling_hook:pages\", \"color\": \"white\"}, {\"text\": \"\\uf8f2\\uf8f2\", \"font\": \"grappling_hook:pages\", \"color\": \"white\", \"hoverEvent\": {\"action\": \"show_item\", \"contents\": {\"id\": \"minecraft:crossbow\", \"components\": {\"minecraft:item_name\": \"{\\\"translate\\\": \\\"grappling_hook.item.basic_grappling_hook\\\", \\\"color\\\": \\\"white\\\", \\\"fallback\\\": \\\"Basic Grappling hook\\\"}\", \"minecraft:lore\": [\"{\\\"translate\\\": \\\"grappling_hook.name\\\", \\\"color\\\": \\\"blue\\\", \\\"italic\\\": true}\"]}}}}, \"\\n\", {\"text\": \"\\uf8f0\\uf8f0\", \"font\": \"grappling_hook:pages\", \"color\": \"white\"}, {\"text\": \"\\uf8f3\\ue07f\\uf8f3\", \"font\": \"grappling_hook:pages\", \"color\": \"white\", \"hoverEvent\": {\"action\": \"show_item\", \"contents\": {\"id\": \"minecraft:cobblestone\"}}}, {\"text\": \"\\uf8f3\\ue077\\uf8f3\", \"font\": \"grappling_hook:pages\", \"color\": \"white\", \"hoverEvent\": {\"action\": \"show_item\", \"contents\": {\"id\": \"minecraft:crossbow\"}}}, {\"text\": \"\\uf8f3\\ue083\\uf8f3\", \"font\": \"grappling_hook:pages\", \"color\": \"white\", \"hoverEvent\": {\"action\": \"show_item\", \"contents\": {\"id\": \"minecraft:slime_ball\"}}}, {\"text\": \"\\uf8f0\\uf8f3\\uf8f3\\uf8f3\\uf8f3\\uf8f3\\uf8f3\\uf8f3\\uf8f3\", \"font\": \"grappling_hook:pages\", \"color\": \"white\"}, {\"text\": \"\\uf8f3\\uf8f3\\uf8f3\\uf8f3\\uf8f3\\uf8f3\\uf8f3\\uf8f3\\ue062\\uf8f3\\uf8f3\\uf8f3\\uf8f3\\uf8f3\\uf8f3\\uf8f3\\uf8f3\", \"font\": \"grappling_hook:pages\", \"color\": \"white\", \"hoverEvent\": {\"action\": \"show_item\", \"contents\": {\"id\": \"minecraft:crossbow\", \"components\": {\"minecraft:item_name\": \"{\\\"translate\\\": \\\"grappling_hook.item.basic_grappling_hook\\\", \\\"color\\\": \\\"white\\\", \\\"fallback\\\": \\\"Basic Grappling hook\\\"}\", \"minecraft:lore\": [\"{\\\"translate\\\": \\\"grappling_hook.name\\\", \\\"color\\\": \\\"blue\\\", \\\"italic\\\": true}\"]}}}}, \"\\n\", {\"text\": \"\\uf8f0\\uf8f0\", \"font\": \"grappling_hook:pages\", \"color\": \"white\"}, {\"text\": \"\\uf8f1\", \"font\": \"grappling_hook:pages\", \"color\": \"white\", \"hoverEvent\": {\"action\": \"show_item\", \"contents\": {\"id\": \"minecraft:cobblestone\"}}}, {\"text\": \"\\uf8f1\", \"font\": \"grappling_hook:pages\", \"color\": \"white\", \"hoverEvent\": {\"action\": \"show_item\", \"contents\": {\"id\": \"minecraft:crossbow\"}}}, {\"text\": \"\\uf8f1\", \"font\": \"grappling_hook:pages\", \"color\": \"white\", \"hoverEvent\": {\"action\": \"show_item\", \"contents\": {\"id\": \"minecraft:slime_ball\"}}}, {\"text\": \"\\uf8f0\\uf8f3\\uf8f3\\uf8f3\\uf8f3\\uf8f3\\uf8f3\\uf8f3\\uf8f3\", \"font\": \"grappling_hook:pages\", \"color\": \"white\"}, {\"text\": \"\\uf8f2\\uf8f2\", \"font\": \"grappling_hook:pages\", \"color\": \"white\", \"hoverEvent\": {\"action\": \"show_item\", \"contents\": {\"id\": \"minecraft:crossbow\", \"components\": {\"minecraft:item_name\": \"{\\\"translate\\\": \\\"grappling_hook.item.basic_grappling_hook\\\", \\\"color\\\": \\\"white\\\", \\\"fallback\\\": \\\"Basic Grappling hook\\\"}\", \"minecraft:lore\": [\"{\\\"translate\\\": \\\"grappling_hook.name\\\", \\\"color\\\": \\\"blue\\\", \\\"italic\\\": true}\"]}}}}, \"\\n\", {\"text\": \"\\uf8f0\\uf8f0\", \"font\": \"grappling_hook:pages\", \"color\": \"white\"}, {\"text\": \"\\uf8f1\", \"font\": \"grappling_hook:pages\", \"color\": \"white\"}, {\"text\": \"\\uf8f3\\ue084\\uf8f3\", \"font\": \"grappling_hook:pages\", \"color\": \"white\", \"hoverEvent\": {\"action\": \"show_item\", \"contents\": {\"id\": \"minecraft:slime_ball\"}}}, {\"text\": \"\\uf8f3\\ue07c\\uf8f3\", \"font\": \"grappling_hook:pages\", \"color\": \"white\", \"hoverEvent\": {\"action\": \"show_item\", \"contents\": {\"id\": \"minecraft:lead\"}}}, {\"text\": \"\\uf8f0\\uf8f3\\uf8f3\\uf8f3\\uf8f3\\uf8f3\\uf8f3\\uf8f3\\uf8f3\", \"font\": \"grappling_hook:pages\", \"color\": \"white\"}, {\"text\": \"\\uf8f2\\uf8f2\", \"font\": \"grappling_hook:pages\", \"color\": \"white\", \"hoverEvent\": {\"action\": \"show_item\", \"contents\": {\"id\": \"minecraft:crossbow\", \"components\": {\"minecraft:item_name\": \"{\\\"translate\\\": \\\"grappling_hook.item.basic_grappling_hook\\\", \\\"color\\\": \\\"white\\\", \\\"fallback\\\": \\\"Basic Grappling hook\\\"}\", \"minecraft:lore\": [\"{\\\"translate\\\": \\\"grappling_hook.name\\\", \\\"color\\\": \\\"blue\\\", \\\"italic\\\": true}\"]}}}}, \"\\n\", {\"text\": \"\\uf8f0\\uf8f0\", \"font\": \"grappling_hook:pages\", \"color\": \"white\"}, {\"text\": \"\\uf8f1\", \"font\": \"grappling_hook:pages\", \"color\": \"white\"}, {\"text\": \"\\uf8f1\", \"font\": \"grappling_hook:pages\", \"color\": \"white\", \"hoverEvent\": {\"action\": \"show_item\", \"contents\": {\"id\": \"minecraft:slime_ball\"}}}, {\"text\": \"\\uf8f1\", \"font\": \"grappling_hook:pages\", \"color\": \"white\", \"hoverEvent\": {\"action\": \"show_item\", \"contents\": {\"id\": \"minecraft:lead\"}}}, \"\\n\", \"\\n\", {\"translate\": \"grappling_hook.guide.basic\", \"color\": \"black\", \"fallback\": \"Has 60 uses and 10 of power.\"}]",
        "[\"\", {\"translate\": \"grappling_hook.item.normal_grappling_hook\", \"color\": \"black\", \"fallback\": \"Normal Grappling hook\", \"font\": \"grappling_hook:medium_font\"}, \"\\n\", \"\\n\", {\"text\": \"\\uf8f7 \\uf8f4\\n\", \"font\": \"grappling_hook:pages\", \"color\": \"white\"}, {\"text\": \"\\uf8f0\\uf8f0\", \"font\": \"grappling_hook:pages\", \"color\": \"white\"}, {\"text\": \"\\uf8f3\\ue08a\\uf8f3\", \"font\": \"grappling_hook:pages\", \"color\": \"white\", \"hoverEvent\": {\"action\": \"show_item\", \"contents\": {\"id\": \"minecraft:diamond\"}}}, {\"text\": \"\\uf8f3\\ue08a\\uf8f3\", \"font\": \"grappling_hook:pages\", \"color\": \"white\", \"hoverEvent\": {\"action\": \"show_item\", \"contents\": {\"id\": \"minecraft:diamond\"}}}, {\"text\": \"\\uf8f1\", \"font\": \"grappling_hook:pages\", \"color\": \"white\"}, \"\\n\", {\"text\": \"\\uf8f0\\uf8f0\", \"font\": \"grappling_hook:pages\", \"color\": \"white\"}, {\"text\": \"\\uf8f1\", \"font\": \"grappling_hook:pages\", \"color\": \"white\", \"hoverEvent\": {\"action\": \"show_item\", \"contents\": {\"id\": \"minecraft:diamond\"}}}, {\"text\": \"\\uf8f1\", \"font\": \"grappling_hook:pages\", \"color\": \"white\", \"hoverEvent\": {\"action\": \"show_item\", \"contents\": {\"id\": \"minecraft:diamond\"}}}, {\"text\": \"\\uf8f1\", \"font\": \"grappling_hook:pages\", \"color\": \"white\"}, {\"text\": \"\\uf8f0\\uf8f3\\uf8f3\\uf8f3\\uf8f3\\uf8f3\\uf8f3\\uf8f3\\uf8f3\", \"font\": \"grappling_hook:pages\", \"color\": \"white\"}, {\"text\": \"\\uf8f2\\uf8f2\", \"font\": \"grappling_hook:pages\", \"color\": \"white\", \"hoverEvent\": {\"action\": \"show_item\", \"contents\": {\"id\": \"minecraft:crossbow\", \"components\": {\"minecraft:item_name\": \"{\\\"translate\\\": \\\"grappling_hook.item.normal_grappling_hook\\\", \\\"color\\\": \\\"white\\\", \\\"fallback\\\": \\\"Normal Grappling hook\\\"}\", \"minecraft:lore\": [\"{\\\"translate\\\": \\\"grappling_hook.name\\\", \\\"color\\\": \\\"blue\\\", \\\"italic\\\": true}\"]}}}}, \"\\n\", {\"text\": \"\\uf8f0\\uf8f0\", \"font\": \"grappling_hook:pages\", \"color\": \"white\"}, {\"text\": \"\\uf8f3\\ue08b\\uf8f3\", \"font\": \"grappling_hook:pages\", \"color\": \"white\", \"hoverEvent\": {\"action\": \"show_item\", \"contents\": {\"id\": \"minecraft:diamond\"}}}, {\"text\": \"\\uf8f3\\ue063\\uf8f3\", \"font\": \"grappling_hook:pages\", \"color\": \"white\", \"hoverEvent\": {\"action\": \"show_item\", \"contents\": {\"id\": \"minecraft:crossbow\", \"components\": {\"minecraft:item_name\": \"{\\\"translate\\\": \\\"grappling_hook.item.basic_grappling_hook\\\", \\\"color\\\": \\\"white\\\", \\\"fallback\\\": \\\"Basic Grappling hook\\\"}\", \"minecraft:lore\": [\"{\\\"translate\\\": \\\"grappling_hook.name\\\", \\\"color\\\": \\\"blue\\\", \\\"italic\\\": true}\"]}}}}, {\"text\": \"\\uf8f3\\ue087\\uf8f3\", \"font\": \"grappling_hook:pages\", \"color\": \"white\", \"hoverEvent\": {\"action\": \"show_item\", \"contents\": {\"id\": \"minecraft:slime_block\"}}}, {\"text\": \"\\uf8f0\\uf8f3\\uf8f3\\uf8f3\\uf8f3\\uf8f3\\uf8f3\\uf8f3\\uf8f3\", \"font\": \"grappling_hook:pages\", \"color\": \"white\"}, {\"text\": \"\\uf8f3\\uf8f3\\uf8f3\\uf8f3\\uf8f3\\uf8f3\\uf8f3\\uf8f3\\ue066\\uf8f3\\uf8f3\\uf8f3\\uf8f3\\uf8f3\\uf8f3\\uf8f3\\uf8f3\", \"font\": \"grappling_hook:pages\", \"color\": \"white\", \"hoverEvent\": {\"action\": \"show_item\", \"contents\": {\"id\": \"minecraft:crossbow\", \"components\": {\"minecraft:item_name\": \"{\\\"translate\\\": \\\"grappling_hook.item.normal_grappling_hook\\\", \\\"color\\\": \\\"white\\\", \\\"fallback\\\": \\\"Normal Grappling hook\\\"}\", \"minecraft:lore\": [\"{\\\"translate\\\": \\\"grappling_hook.name\\\", \\\"color\\\": \\\"blue\\\", \\\"italic\\\": true}\"]}}}}, \"\\n\", {\"text\": \"\\uf8f0\\uf8f0\", \"font\": \"grappling_hook:pages\", \"color\": \"white\"}, {\"text\": \"\\uf8f1\", \"font\": \"grappling_hook:pages\", \"color\": \"white\", \"hoverEvent\": {\"action\": \"show_item\", \"contents\": {\"id\": \"minecraft:diamond\"}}}, {\"text\": \"\\uf8f1\", \"font\": \"grappling_hook:pages\", \"color\": \"white\", \"hoverEvent\": {\"action\": \"show_item\", \"contents\": {\"id\": \"minecraft:crossbow\", \"components\": {\"minecraft:item_name\": \"{\\\"translate\\\": \\\"grappling_hook.item.basic_grappling_hook\\\", \\\"color\\\": \\\"white\\\", \\\"fallback\\\": \\\"Basic Grappling hook\\\"}\", \"minecraft:lore\": [\"{\\\"translate\\\": \\\"grappling_hook.name\\\", \\\"color\\\": \\\"blue\\\", \\\"italic\\\": true}\"]}}}}, {\"text\": \"\\uf8f1\", \"font\": \"grappling_hook:pages\", \"color\": \"white\", \"hoverEvent\": {\"action\": \"show_item\", \"contents\": {\"id\": \"minecraft:slime_block\"}}}, {\"text\": \"\\uf8f0\\uf8f3\\uf8f3\\uf8f3\\uf8f3\\uf8f3\\uf8f3\\uf8f3\\uf8f3\", \"font\": \"grappling_hook:pages\", \"color\": \"white\"}, {\"text\": \"\\uf8f2\\uf8f2\", \"font\": \"grappling_hook:pages\", \"color\": \"white\", \"hoverEvent\": {\"action\": \"show_item\", \"contents\": {\"id\": \"minecraft:crossbow\", \"components\": {\"minecraft:item_name\": \"{\\\"translate\\\": \\\"grappling_hook.item.normal_grappling_hook\\\", \\\"color\\\": \\\"white\\\", \\\"fallback\\\": \\\"Normal Grappling hook\\\"}\", \"minecraft:lore\": [\"{\\\"translate\\\": \\\"grappling_hook.name\\\", \\\"color\\\": \\\"blue\\\", \\\"italic\\\": true}\"]}}}}, \"\\n\", {\"text\": \"\\uf8f0\\uf8f0\", \"font\": \"grappling_hook:pages\", \"color\": \"white\"}, {\"text\": \"\\uf8f1\", \"font\": \"grappling_hook:pages\", \"color\": \"white\"}, {\"text\": \"\\uf8f3\\ue088\\uf8f3\", \"font\": \"grappling_hook:pages\", \"color\": \"white\", \"hoverEvent\": {\"action\": \"show_item\", \"contents\": {\"id\": \"minecraft:slime_block\"}}}, {\"text\": \"\\uf8f1\", \"font\": \"grappling_hook:pages\", \"color\": \"white\"}, {\"text\": \"\\uf8f0\\uf8f3\\uf8f3\\uf8f3\\uf8f3\\uf8f3\\uf8f3\\uf8f3\\uf8f3\", \"font\": \"grappling_hook:pages\", \"color\": \"white\"}, {\"text\": \"\\uf8f2\\uf8f2\", \"font\": \"grappling_hook:pages\", \"color\": \"white\", \"hoverEvent\": {\"action\": \"show_item\", \"contents\": {\"id\": \"minecraft:crossbow\", \"components\": {\"minecraft:item_name\": \"{\\\"translate\\\": \\\"grappling_hook.item.normal_grappling_hook\\\", \\\"color\\\": \\\"white\\\", \\\"fallback\\\": \\\"Normal Grappling hook\\\"}\", \"minecraft:lore\": [\"{\\\"translate\\\": \\\"grappling_hook.name\\\", \\\"color\\\": \\\"blue\\\", \\\"italic\\\": true}\"]}}}}, \"\\n\", {\"text\": \"\\uf8f0\\uf8f0\", \"font\": \"grappling_hook:pages\", \"color\": \"white\"}, {\"text\": \"\\uf8f1\", \"font\": \"grappling_hook:pages\", \"color\": \"white\"}, {\"text\": \"\\uf8f1\", \"font\": \"grappling_hook:pages\", \"color\": \"white\", \"hoverEvent\": {\"action\": \"show_item\", \"contents\": {\"id\": \"minecraft:slime_block\"}}}, {\"text\": \"\\uf8f1\", \"font\": \"grappling_hook:pages\", \"color\": \"white\"}, \"\\n\", \"\\n\", {\"translate\": \"grappling_hook.guide.normal\", \"color\": \"black\", \"fallback\": \"Has 200 uses and 15 of power.\"}]",
        "[\"\", {\"translate\": \"grappling_hook.item.advanced_grappling_hook\", \"color\": \"black\", \"fallback\": \"Advanced Grappling hook\", \"font\": \"grappling_hook:medium_font\"}, \"\\n\", \"\\n\", {\"text\": \"\\uf8f7 \\uf8f4\\n\", \"font\": \"grappling_hook:pages\", \"color\": \"white\"}, {\"text\": \"\\uf8f0\\uf8f0\", \"font\": \"grappling_hook:pages\", \"color\": \"white\"}, {\"text\": \"\\uf8f3\\ue092\\uf8f3\", \"font\": \"grappling_hook:pages\", \"color\": \"white\", \"hoverEvent\": {\"action\": \"show_item\", \"contents\": {\"id\": \"minecraft:obsidian\"}}}, {\"text\": \"\\uf8f3\\ue092\\uf8f3\", \"font\": \"grappling_hook:pages\", \"color\": \"white\", \"hoverEvent\": {\"action\": \"show_item\", \"contents\": {\"id\": \"minecraft:obsidian\"}}}, {\"text\": \"\\uf8f1\", \"font\": \"grappling_hook:pages\", \"color\": \"white\"}, \"\\n\", {\"text\": \"\\uf8f0\\uf8f0\", \"font\": \"grappling_hook:pages\", \"color\": \"white\"}, {\"text\": \"\\uf8f1\", \"font\": \"grappling_hook:pages\", \"color\": \"white\", \"hoverEvent\": {\"action\": \"show_item\", \"contents\": {\"id\": \"minecraft:obsidian\"}}}, {\"text\": \"\\uf8f1\", \"font\": \"grappling_hook:pages\", \"color\": \"white\", \"hoverEvent\": {\"action\": \"show_item\", \"contents\": {\"id\": \"minecraft:obsidian\"}}}, {\"text\": \"\\uf8f1\", \"font\": \"grappling_hook:pages\", \"color\": \"white\"}, {\"text\": \"\\uf8f0\\uf8f3\\uf8f3\\uf8f3\\uf8f3\\uf8f3\\uf8f3\\uf8f3\\uf8f3\", \"font\": \"grappling_hook:pages\", \"color\": \"white\"}, {\"text\": \"\\uf8f2\\uf8f2\", \"font\": \"grappling_hook:pages\", \"color\": \"white\", \"hoverEvent\": {\"action\": \"show_item\", \"contents\": {\"id\": \"minecraft:crossbow\", \"components\": {\"minecraft:item_name\": \"{\\\"translate\\\": \\\"grappling_hook.item.advanced_grappling_hook\\\", \\\"color\\\": \\\"white\\\", \\\"fallback\\\": \\\"Advanced Grappling hook\\\"}\", \"minecraft:lore\": [\"{\\\"translate\\\": \\\"grappling_hook.name\\\", \\\"color\\\": \\\"blue\\\", \\\"italic\\\": true}\"]}}}}, \"\\n\", {\"text\": \"\\uf8f0\\uf8f0\", \"font\": \"grappling_hook:pages\", \"color\": \"white\"}, {\"text\": \"\\uf8f3\\ue093\\uf8f3\", \"font\": \"grappling_hook:pages\", \"color\": \"white\", \"hoverEvent\": {\"action\": \"show_item\", \"contents\": {\"id\": \"minecraft:obsidian\"}}}, {\"text\": \"\\uf8f3\\ue067\\uf8f3\", \"font\": \"grappling_hook:pages\", \"color\": \"white\", \"hoverEvent\": {\"action\": \"show_item\", \"contents\": {\"id\": \"minecraft:crossbow\", \"components\": {\"minecraft:item_name\": \"{\\\"translate\\\": \\\"grappling_hook.item.normal_grappling_hook\\\", \\\"color\\\": \\\"white\\\", \\\"fallback\\\": \\\"Normal Grappling hook\\\"}\", \"minecraft:lore\": [\"{\\\"translate\\\": \\\"grappling_hook.name\\\", \\\"color\\\": \\\"blue\\\", \\\"italic\\\": true}\"]}}}}, {\"text\": \"\\uf8f3\\ue08f\\uf8f3\", \"font\": \"grappling_hook:pages\", \"color\": \"white\", \"hoverEvent\": {\"action\": \"show_item\", \"contents\": {\"id\": \"minecraft:elytra\"}}}, {\"text\": \"\\uf8f0\\uf8f3\\uf8f3\\uf8f3\\uf8f3\\uf8f3\\uf8f3\\uf8f3\\uf8f3\", \"font\": \"grappling_hook:pages\", \"color\": \"white\"}, {\"text\": \"\\uf8f3\\uf8f3\\uf8f3\\uf8f3\\uf8f3\\uf8f3\\uf8f3\\uf8f3\\ue06a\\uf8f3\\uf8f3\\uf8f3\\uf8f3\\uf8f3\\uf8f3\\uf8f3\\uf8f3\", \"font\": \"grappling_hook:pages\", \"color\": \"white\", \"hoverEvent\": {\"action\": \"show_item\", \"contents\": {\"id\": \"minecraft:crossbow\", \"components\": {\"minecraft:item_name\": \"{\\\"translate\\\": \\\"grappling_hook.item.advanced_grappling_hook\\\", \\\"color\\\": \\\"white\\\", \\\"fallback\\\": \\\"Advanced Grappling hook\\\"}\", \"minecraft:lore\": [\"{\\\"translate\\\": \\\"grappling_hook.name\\\", \\\"color\\\": \\\"blue\\\", \\\"italic\\\": true}\"]}}}}, \"\\n\", {\"text\": \"\\uf8f0\\uf8f0\", \"font\": \"grappling_hook:pages\", \"color\": \"white\"}, {\"text\": \"\\uf8f1\", \"font\": \"grappling_hook:pages\", \"color\": \"white\", \"hoverEvent\": {\"action\": \"show_item\", \"contents\": {\"id\": \"minecraft:obsidian\"}}}, {\"text\": \"\\uf8f1\", \"font\": \"grappling_hook:pages\", \"color\": \"white\", \"hoverEvent\": {\"action\": \"show_item\", \"contents\": {\"id\": \"minecraft:crossbow\", \"components\": {\"minecraft:item_name\": \"{\\\"translate\\\": \\\"grappling_hook.item.normal_grappling_hook\\\", \\\"color\\\": \\\"white\\\", \\\"fallback\\\": \\\"Normal Grappling hook\\\"}\", \"minecraft:lore\": [\"{\\\"translate\\\": \\\"grappling_hook.name\\\", \\\"color\\\": \\\"blue\\\", \\\"italic\\\": true}\"]}}}}, {\"text\": \"\\uf8f1\", \"font\": \"grappling_hook:pages\", \"color\": \"white\", \"hoverEvent\": {\"action\": \"show_item\", \"contents\": {\"id\": \"minecraft:elytra\"}}}, {\"text\": \"\\uf8f0\\uf8f3\\uf8f3\\uf8f3\\uf8f3\\uf8f3\\uf8f3\\uf8f3\\uf8f3\", \"font\": \"grappling_hook:pages\", \"color\": \"white\"}, {\"text\": \"\\uf8f2\\uf8f2\", \"font\": \"grappling_hook:pages\", \"color\": \"white\", \"hoverEvent\": {\"action\": \"show_item\", \"contents\": {\"id\": \"minecraft:crossbow\", \"components\": {\"minecraft:item_name\": \"{\\\"translate\\\": \\\"grappling_hook.item.advanced_grappling_hook\\\", \\\"color\\\": \\\"white\\\", \\\"fallback\\\": \\\"Advanced Grappling hook\\\"}\", \"minecraft:lore\": [\"{\\\"translate\\\": \\\"grappling_hook.name\\\", \\\"color\\\": \\\"blue\\\", \\\"italic\\\": true}\"]}}}}, \"\\n\", {\"text\": \"\\uf8f0\\uf8f0\", \"font\": \"grappling_hook:pages\", \"color\": \"white\"}, {\"text\": \"\\uf8f1\", \"font\": \"grappling_hook:pages\", \"color\": \"white\"}, {\"text\": \"\\uf8f3\\ue090\\uf8f3\", \"font\": \"grappling_hook:pages\", \"color\": \"white\", \"hoverEvent\": {\"action\": \"show_item\", \"contents\": {\"id\": \"minecraft:elytra\"}}}, {\"text\": \"\\uf8f1\", \"font\": \"grappling_hook:pages\", \"color\": \"white\"}, {\"text\": \"\\uf8f0\\uf8f3\\uf8f3\\uf8f3\\uf8f3\\uf8f3\\uf8f3\\uf8f3\\uf8f3\", \"font\": \"grappling_hook:pages\", \"color\": \"white\"}, {\"text\": \"\\uf8f2\\uf8f2\", \"font\": \"grappling_hook:pages\", \"color\": \"white\", \"hoverEvent\": {\"action\": \"show_item\", \"contents\": {\"id\": \"minecraft:crossbow\", \"components\": {\"minecraft:item_name\": \"{\\\"translate\\\": \\\"grappling_hook.item.advanced_grappling_hook\\\", \\\"color\\\": \\\"white\\\", \\\"fallback\\\": \\\"Advanced Grappling hook\\\"}\", \"minecraft:lore\": [\"{\\\"translate\\\": \\\"grappling_hook.name\\\", \\\"color\\\": \\\"blue\\\", \\\"italic\\\": true}\"]}}}}, \"\\n\", {\"text\": \"\\uf8f0\\uf8f0\", \"font\": \"grappling_hook:pages\", \"color\": \"white\"}, {\"text\": \"\\uf8f1\", \"font\": \"grappling_hook:pages\", \"color\": \"white\"}, {\"text\": \"\\uf8f1\", \"font\": \"grappling_hook:pages\", \"color\": \"white\", \"hoverEvent\": {\"action\": \"show_item\", \"contents\": {\"id\": \"minecraft:elytra\"}}}, {\"text\": \"\\uf8f1\", \"font\": \"grappling_hook:pages\", \"color\": \"white\"}, \"\\n\", \"\\n\", {\"translate\": \"grappling_hook.guide.advanced\", \"color\": \"black\", \"fallback\": \"Has 420 uses and 30 of power.\"}]",
        "[\"\", {\"translate\": \"grappling_hook.item.guide\", \"color\": \"black\", \"fallback\": \"Guide\", \"font\": \"grappling_hook:medium_font\"}, \"\\n\", \"\\n\", {\"text\": \"\\uf8f7 \\uf8f4\\n\", \"font\": \"grappling_hook:pages\", \"color\": \"white\"}, {\"text\": \"\\uf8f0\\uf8f0\", \"font\": \"grappling_hook:pages\", \"color\": \"white\"}, {\"text\": \"\\uf8f3\\ue096\\uf8f3\", \"font\": \"grappling_hook:pages\", \"color\": \"white\", \"hoverEvent\": {\"action\": \"show_item\", \"contents\": {\"id\": \"minecraft:book\"}}}, {\"text\": \"\\uf8f3\\ue082\\uf8f3\", \"font\": \"grappling_hook:pages\", \"color\": \"white\", \"hoverEvent\": {\"action\": \"show_item\", \"contents\": {\"id\": \"minecraft:slime_ball\"}}}, {\"text\": \"\\uf8f1\", \"font\": \"grappling_hook:pages\", \"color\": \"white\"}, \"\\n\", {\"text\": \"\\uf8f0\\uf8f0\", \"font\": \"grappling_hook:pages\", \"color\": \"white\"}, {\"text\": \"\\uf8f1\", \"font\": \"grappling_hook:pages\", \"color\": \"white\", \"hoverEvent\": {\"action\": \"show_item\", \"contents\": {\"id\": \"minecraft:book\"}}}, {\"text\": \"\\uf8f1\", \"font\": \"grappling_hook:pages\", \"color\": \"white\", \"hoverEvent\": {\"action\": \"show_item\", \"contents\": {\"id\": \"minecraft:slime_ball\"}}}, {\"text\": \"\\uf8f1\", \"font\": \"grappling_hook:pages\", \"color\": \"white\"}, {\"text\": \"\\uf8f0\\uf8f3\\uf8f3\\uf8f3\\uf8f3\\uf8f3\\uf8f3\\uf8f3\\uf8f3\", \"font\": \"grappling_hook:pages\", \"color\": \"white\"}, {\"text\": \"\\uf8f2\\uf8f2\", \"font\": \"grappling_hook:pages\", \"color\": \"white\", \"hoverEvent\": {\"action\": \"show_item\", \"contents\": {\"id\": \"minecraft:written_book\", \"components\": {\"minecraft:item_name\": \"{\\\"translate\\\": \\\"grappling_hook.item.guide\\\", \\\"color\\\": \\\"white\\\", \\\"fallback\\\": \\\"Guide\\\"}\", \"minecraft:lore\": [\"{\\\"translate\\\": \\\"grappling_hook.name\\\", \\\"color\\\": \\\"blue\\\", \\\"italic\\\": true}\"]}}}}, \"\\n\", {\"text\": \"\\uf8f0\\uf8f0\", \"font\": \"grappling_hook:pages\", \"color\": \"white\"}, {\"text\": \"\\uf8f3\\ue077\\uf8f3\", \"font\": \"grappling_hook:pages\", \"color\": \"white\", \"hoverEvent\": {\"action\": \"show_item\", \"contents\": {\"id\": \"minecraft:crossbow\"}}}, {\"text\": \"\\uf8f3\\ue09b\\uf8f3\", \"font\": \"grappling_hook:pages\", \"color\": \"white\", \"hoverEvent\": {\"action\": \"show_item\", \"contents\": {\"id\": \"minecraft:redstone\"}}}, {\"text\": \"\\uf8f1\", \"font\": \"grappling_hook:pages\", \"color\": \"white\"}, {\"text\": \"\\uf8f0\\uf8f3\\uf8f3\\uf8f3\\uf8f3\\uf8f3\\uf8f3\\uf8f3\\uf8f3\", \"font\": \"grappling_hook:pages\", \"color\": \"white\"}, {\"text\": \"\\uf8f3\\uf8f3\\uf8f3\\uf8f3\\uf8f3\\uf8f3\\uf8f3\\uf8f3\\ue06e\\uf8f3\\uf8f3\\uf8f3\\uf8f3\\uf8f3\\uf8f3\\uf8f3\\uf8f3\", \"font\": \"grappling_hook:pages\", \"color\": \"white\", \"hoverEvent\": {\"action\": \"show_item\", \"contents\": {\"id\": \"minecraft:written_book\", \"components\": {\"minecraft:item_name\": \"{\\\"translate\\\": \\\"grappling_hook.item.guide\\\", \\\"color\\\": \\\"white\\\", \\\"fallback\\\": \\\"Guide\\\"}\", \"minecraft:lore\": [\"{\\\"translate\\\": \\\"grappling_hook.name\\\", \\\"color\\\": \\\"blue\\\", \\\"italic\\\": true}\"]}}}}, \"\\n\", {\"text\": \"\\uf8f0\\uf8f0\", \"font\": \"grappling_hook:pages\", \"color\": \"white\"}, {\"text\": \"\\uf8f1\", \"font\": \"grappling_hook:pages\", \"color\": \"white\", \"hoverEvent\": {\"action\": \"show_item\", \"contents\": {\"id\": \"minecraft:crossbow\"}}}, {\"text\": \"\\uf8f1\", \"font\": \"grappling_hook:pages\", \"color\": \"white\", \"hoverEvent\": {\"action\": \"show_item\", \"contents\": {\"id\": \"minecraft:redstone\"}}}, {\"text\": \"\\uf8f1\", \"font\": \"grappling_hook:pages\", \"color\": \"white\"}, {\"text\": \"\\uf8f0\\uf8f3\\uf8f3\\uf8f3\\uf8f3\\uf8f3\\uf8f3\\uf8f3\\uf8f3\", \"font\": \"grappling_hook:pages\", \"color\": \"white\"}, {\"text\": \"\\uf8f2\\uf8f2\", \"font\": \"grappling_hook:pages\", \"color\": \"white\", \"hoverEvent\": {\"action\": \"show_item\", \"contents\": {\"id\": \"minecraft:written_book\", \"components\": {\"minecraft:item_name\": \"{\\\"translate\\\": \\\"grappling_hook.item.guide\\\", \\\"color\\\": \\\"white\\\", \\\"fallback\\\": \\\"Guide\\\"}\", \"minecraft:lore\": [\"{\\\"translate\\\": \\\"grappling_hook.name\\\", \\\"color\\\": \\\"blue\\\", \\\"italic\\\": true}\"]}}}}, \"\\n\", {\"text\": \"\\uf8f0\\uf8f0\", \"font\": \"grappling_hook:pages\", \"color\": \"white\"}, {\"text\": \"\\uf8f1\", \"font\": \"grappling_hook:pages\", \"color\": \"white\"}, {\"text\": \"\\uf8f1\", \"font\": \"grappling_hook:pages\", \"color\": \"white\"}, {\"text\": \"\\uf8f1\", \"font\": \"grappling_hook:pages\", \"color\": \"white\"}, {\"text\": \"\\uf8f0\\uf8f3\\uf8f3\\uf8f3\\uf8f3\\uf8f3\\uf8f3\\uf8f3\\uf8f3\", \"font\": \"grappling_hook:pages\", \"color\": \"white\"}, {\"text\": \"\\uf8f2\\uf8f2\", \"font\": \"grappling_hook:pages\", \"color\": \"white\", \"hoverEvent\": {\"action\": \"show_item\", \"contents\": {\"id\": \"minecraft:written_book\", \"components\": {\"minecraft:item_name\": \"{\\\"translate\\\": \\\"grappling_hook.item.guide\\\", \\\"color\\\": \\\"white\\\", \\\"fallback\\\": \\\"Guide\\\"}\", \"minecraft:lore\": [\"{\\\"translate\\\": \\\"grappling_hook.name\\\", \\\"color\\\": \\\"blue\\\", \\\"italic\\\": true}\"]}}}}, \"\\n\", {\"text\": \"\\uf8f0\\uf8f0\", \"font\": \"grappling_hook:pages\", \"color\": \"white\"}, {\"text\": \"\\uf8f1\", \"font\": \"grappling_hook:pages\", \"color\": \"white\"}, {\"text\": \"\\uf8f1\", \"font\": \"grappling_hook:pages\", \"color\": \"white\"}, {\"text\": \"\\uf8f1\", \"font\": \"grappling_hook:pages\", \"color\": \"white\"}, \"\\n\", \"\\n\", {\"translate\": \"grappling_hook.guide.description\", \"color\": \"black\", \"fallback\": \"The guide you are currently holding.\"}]"
      ],
      "resolved": true
    }
  }
}
