{"criteria":{"requirement":{"trigger":"minecraft:inventory_changed","conditions":{"items":[{"components":{"minecraft:custom_model_data":1430003},"predicates":{"minecraft:custom_data":{"ctc":{"from":"airdox_:simpledrawer"}}}}],"player":[{"condition":"minecraft:value_check","value":{"type":"minecraft:score","target":{"type":"minecraft:fixed","name":"#simpledrawer.major"},"score":"load.status"},"range":2},{"condition":"minecraft:value_check","value":{"type":"minecraft:score","target":{"type":"minecraft:fixed","name":"#simpledrawer.minor"},"score":"load.status"},"range":4},{"condition":"minecraft:value_check","value":{"type":"minecraft:score","target":{"type":"minecraft:fixed","name":"#simpledrawer.patch"},"score":"load.status"},"range":3}]}}},"rewards":{"function":"simpledrawer:v2.4.3/calls/random_things/upgrade_item_model"}}