{
	"cauldron_generator": {
		"subtitle": "Cauldron Generator",
		"sounds": ["simplenergy:cauldron_generator"]
	},
	"electric_brewing_stand": {
		"subtitle": "Electric Brewing Stand",
		"sounds": ["simplenergy:electric_brewing_stand"]
	},
	"electric_furnace": {
		"subtitle": "Electric Furnace",
		"sounds": ["simplenergy:electric_furnace"]
	},
	"electric_smelter": {
		"subtitle": "Electric Smelter",
		"sounds": ["simplenergy:electric_smelter"]
	},
	"furnace_generator": {
		"subtitle": "Furnace Generator",
		"sounds": ["simplenergy:furnace_generator"]
	},
	"pulverizer": {
		"subtitle": "Pulverizer",
		"sounds": ["simplenergy:pulverizer"]
	}
}
