{
	"criteria": {
		"killed_dragon": {
			"trigger": "minecraft:player_killed_entity",
			"conditions": {
				"player": [
					{
						"condition": "minecraft:location_check",
						"predicate": {
							"dimension": "minecraft:the_end"
						}
					}
				],
				"entity": [
					{
						"condition": "minecraft:entity_properties",
						"entity": "this",
						"predicate": {
							"type": "minecraft:ender_dragon"
						}
					}
				]
			}
		}
	},
	"rewards": {
		"function": "stardust:advancements/dragon_egg/0"
	}
}
