{
	"pools": [
		{
			"rolls": 1,
			"entries": [
				{
					"type": "minecraft:item",
					"weight": 100,
					"name": "minecraft:cobblestone"
				},
				{
					"type": "minecraft:item",
					"weight": 50,
					"name": "minecraft:coal"
				},
				{
					"type": "minecraft:item",
					"weight": 25,
					"name": "minecraft:raw_copper"
				},
				{
					"type": "minecraft:item",
					"weight": 25,
					"name": "minecraft:raw_iron"
				},
				{
					"type": "minecraft:item",
					"weight": 20,
					"name": "minecraft:raw_gold"
				},
				{
					"type": "minecraft:item",
					"weight": 10,
					"name": "minecraft:diamond"
				},
				{
					"type": "minecraft:item",
					"weight": 3,
					"name": "minecraft:emerald"
				},
				{
					"type": "minecraft:loot_table",
					"weight": 7,
					"name": "simplenergy:i/simplunium_nugget"
				},
				{
					"type": "minecraft:loot_table",
					"weight": 3,
					"name": "simplenergy:i/raw_simplunium"
				},
				{
					"type": "minecraft:loot_table",
					"weight": 7,
					"name": "crazy_adventure:i/uranium_nugget"
				},
				{
					"type": "minecraft:loot_table",
					"weight": 3,
					"name": "crazy_adventure:i/raw_uranium"
				}
			]
		}
	]
}