{
	"display": {
		"icon": { "item": "minecraft:player_head", "nbt": "{SkullOwner:{Id:[I;-709098200,1001541428,-2043264882,-430220135],Properties:{textures:[{Value:\"eyJ0ZXh0dXJlcyI6eyJTS0lOIjp7InVybCI6Imh0dHA6Ly90ZXh0dXJlcy5taW5lY3JhZnQubmV0L3RleHR1cmUvOWQ5ZmE4MTE1Y2MyY2FhNDE2MzA4N2Y1MzU5YTIzZjNmYzAxZjIxZTliMWRjOTE0ZDJkMzBkYTk4ZTZjMDUxYiJ9fX0=\"}]}}}" },
		"title": { "text": "Transfering Energy II" },
		"description": { "text": "Upgrade a Stardust Cable", "color": "green" },
		"frame": "task",
		"show_toast": true,
		"announce_to_chat": true,
		"hidden": false
	},
	"parent": "stardust:visible/technology/cable/stardust",
	"criteria": { "requirement": {
		"trigger": "minecraft:inventory_changed",
		"conditions": { "items": [{
			"tag": "stardust:items",
			"nbt": "{stardust:{awakened_stardust_cable:1b}}"
		}]}
	}}
}
