{
	"display": {
		"icon": { "item": "minecraft:player_head", "nbt": "{SkullOwner:{Id:[I;-709098200,1001541428,-2043264882,-430220135],Properties:{textures:[{Value:\"eyJ0ZXh0dXJlcyI6eyJTS0lOIjp7InVybCI6Imh0dHA6Ly90ZXh0dXJlcy5taW5lY3JhZnQubmV0L3RleHR1cmUvYzQ4NGE3OGU4YTY5YjZhYWUwNmQ3ZTI2OWM3NWJjZjkxM2U4ZWY3ZDU1Y2Q3ZjY2MjZiZTZjOWIwZjQ2OGQ5MyJ9fX0=\"}]}}}" },
		"title": { "text": "Transfering Energy III" },
		"description": { "text": "Upgrade an Awakened Stardust Cable", "color": "green" },
		"frame": "task",
		"show_toast": true,
		"announce_to_chat": true,
		"hidden": false
	},
	"parent": "stardust:visible/technology/cable/awakened",
	"criteria": { "requirement": {
		"trigger": "minecraft:inventory_changed",
		"conditions": { "items": [{
			"tag": "stardust:items",
			"nbt": "{stardust:{ultimate_cable:1b}}"
		}]}
	}}
}
