{
	"display": {
		"icon": { "item": "minecraft:leather_chestplate", "nbt": "{CustomModelData:2013108}" },
		"title": { "text": "Renewing my armor", "color": "aqua" },
		"description": { "text": "Reinforce your Damaged Stardust armor", "color": "green" },
		"frame": "task",
		"show_toast": true,
		"announce_to_chat": true,
		"hidden": false
	},
	"parent": "stardust:visible/stuff/reinforced_stardust_equipment",
	"criteria": { "requirement": {
		"trigger": "minecraft:inventory_changed",
		"conditions": { "items": [{
			"tag": "stardust:items",
			"nbt": "{stardust:{reinforced:1b},ctc:{traits:{\"armor\":1b}}}"
		}]}
	}}
}
