{
	"display": {
		"icon": { "item": "minecraft:bow", "nbt": "{CustomModelData:2013151}" },
		"title": { "text": "Maybe too powerful?" },
		"description": { "text": "Got this Ultimate Bow!", "color": "green" },
		"frame": "challenge",
		"show_toast": true,
		"announce_to_chat": true,
		"hidden": false
	},
	"parent": "stardust:visible/stuff/awakened_stardust_bow",
	"criteria": { "requirement": {
		"trigger": "minecraft:inventory_changed",
		"conditions": { "items": [{
			"tag": "stardust:items",
			"nbt": "{stardust:{ultimate_bow:1b}}"
		}]}
	}}
}
