{"display":{"title":{"translate":"simpledrawer.advancement.filled.title","with":[{"translate":"simpledrawer.advancement.star"}]},"description":{"translate":"simpledrawer.advancement.filled.description","with":[{"translate":"simpledrawer.advancement.star"}]},"icon":{"id":"minecraft:furnace","components":{"minecraft:item_model":"simpledrawer:new_drawer/oak_1"}},"frame":"challenge","show_toast":true,"announce_to_chat":true,"hidden":false},"criteria":{"Fill a star drawer":{"trigger":"minecraft:impossible","conditions":{"player":[{"condition":"minecraft:value_check","value":{"type":"minecraft:score","target":{"type":"minecraft:fixed","name":"#simpledrawer.major"},"score":"load.status"},"range":2},{"condition":"minecraft:value_check","value":{"type":"minecraft:score","target":{"type":"minecraft:fixed","name":"#simpledrawer.minor"},"score":"load.status"},"range":4},{"condition":"minecraft:value_check","value":{"type":"minecraft:score","target":{"type":"minecraft:fixed","name":"#simpledrawer.patch"},"score":"load.status"},"range":3}]}}},"parent":"simpledrawer:display/filled/diamond"}